Claim_ID,Customer_ID,Vehicle_ID,Claim_Date,Claim_Amount,Claim_Type
4725,261659,261659,2025-12-14,10000,1
41473,908556,908556,2026-01-17,10000,2
10792,765507,765507,2025-10-28,10000,1
8963,191934,191934,2025-01-20,10000,1
12910,925585,925585,2025-06-21,10000,1
32608,577262,577262,2025-10-28,10000,1
39238,995916,995916,2025-06-28,10000,1
48359,64801,64801,2026-01-30,10000,2
35085,790543,790543,2025-04-28,10000,1
10442,566333,566333,2025-07-14,10000,1
35417,495474,495474,2025-06-28,10000,1
19822,769214,769214,2025-07-07,10000,1
10521,829524,829524,2025-03-14,10000,1
35785,290212,290212,2025-07-07,10000,1
709,358335,358335,2025-05-21,10000,1
40182,933499,933499,2026-01-05,10000,2
13684,688719,688719,2025-03-28,10000,1
13611,477594,477594,2025-10-07,10000,1
9037,212533,212533,2025-10-14,10000,1
3223,626546,626546,2025-05-07,10000,1
35103,832221,832221,2025-07-21,10000,1
29641,314091,314091,2025-02-06,10000,1
34433,90186,90186,2025-10-07,10000,1
29938,357295,357295,2025-01-27,10000,1
42644,678897,678897,2026-02-19,10000,2
33808,299251,299251,2025-04-07,10000,1
26630,661162,661162,2025-01-20,10000,1
44741,452087,452087,2026-02-27,10000,2
25943,73661,73661,2025-08-07,10000,1
37518,252123,252123,2025-07-14,10000,1
36887,724399,724399,2025-10-21,10000,1
12158,611981,611981,2025-11-07,10000,1
34689,504526,504526,2025-06-21,10000,1
11122,997555,997555,2025-11-07,10000,1
37474,331204,331204,2025-12-21,10000,1
6101,953741,953741,2025-04-28,10000,1
36740,980202,980202,2025-08-28,10000,1
45002,7045,7045,2026-02-12,10000,2
25240,505880,505880,2025-07-14,10000,1
24391,435832,435832,2025-12-07,10000,1
26553,350168,350168,2025-01-20,10000,1
7933,190664,190664,2025-09-21,10000,1
39044,872942,872942,2025-02-06,10000,1
9694,481601,481601,2025-11-21,10000,1
4129,666053,666053,2025-09-21,10000,1
5505,620407,620407,2025-12-28,10000,1
16356,615457,615457,2025-02-27,10000,1
31788,811170,811170,2025-11-28,10000,1
24622,842042,842042,2025-10-14,10000,1
22846,642069,642069,2025-02-13,10000,1
26613,792243,792243,2025-09-21,10000,1
21204,774817,774817,2025-10-28,10000,1
40067,616017,616017,2026-01-02,10000,2
148,44259,44259,2025-12-14,10000,1
9791,209660,209660,2025-12-21,10000,1
9025,896854,896854,2025-06-28,10000,1
18671,13849,13849,2025-12-21,10000,1
36015,707175,707175,2025-03-14,10000,1
7259,516900,516900,2025-12-21,10000,1
26101,228674,228674,2025-08-21,10000,1
4409,31741,31741,2025-02-13,10000,1
7278,307473,307473,2025-07-28,10000,1
2211,97889,97889,2025-10-07,10000,1
20822,773696,773696,2025-03-07,10000,1
49391,623537,623537,2026-02-16,10000,2
38708,447954,447954,2025-11-07,10000,1
16312,260677,260677,2025-09-21,10000,1
5546,142488,142488,2025-10-28,10000,1
43715,152443,152443,2026-01-27,10000,2
42210,128552,128552,2026-02-22,10000,2
48831,134498,134498,2026-01-09,10000,2
17984,708274,708274,2025-01-20,10000,1
16064,169400,169400,2025-01-20,10000,1
14612,640598,640598,2025-02-20,10000,1
28074,533834,533834,2025-12-14,10000,1
28977,217947,217947,2025-02-27,10000,1
16484,63978,63978,2025-09-07,10000,1
880,233262,233262,2025-05-21,10000,1
27720,45166,45166,2025-06-14,10000,1
41642,697134,697134,2026-02-24,10000,2
16826,503815,503815,2025-04-21,10000,1
8043,154373,154373,2025-10-07,10000,1
30782,153496,153496,2025-08-07,10000,1
20090,527663,527663,2025-05-14,10000,1
26497,424709,424709,2025-08-07,10000,1
38865,986352,986352,2025-11-21,10000,1
26525,721805,721805,2025-08-07,10000,1
32658,618284,618284,2025-07-28,10000,1
42155,601833,601833,2026-02-08,10000,2
12893,885012,885012,2025-07-21,10000,1
6195,946736,946736,2025-11-14,10000,1
9626,387429,387429,2025-10-14,10000,1
29000,161893,161893,2025-10-07,10000,1
30732,800921,800921,2025-01-20,10000,1
14147,246091,246091,2025-03-28,10000,1
44421,529273,529273,2026-01-24,10000,2
14096,718639,718639,2025-07-14,10000,1
32396,752370,752370,2025-08-21,10000,1
8225,314459,314459,2025-03-07,10000,1
43630,291443,291443,2026-01-08,10000,2
1567,727043,727043,2025-01-13,10000,1
33365,356757,356757,2025-10-07,10000,1
9385,105723,105723,2025-01-13,10000,1
37182,181456,181456,2025-02-06,10000,1
1942,721430,721430,2025-05-21,10000,1
42136,807284,807284,2026-01-08,10000,2
12801,995615,995615,2025-08-28,10000,1
12201,205147,205147,2025-04-28,10000,1
27001,4009,4009,2025-05-07,10000,1
48147,37374,37374,2026-01-25,10000,2
20393,856377,856377,2025-01-27,10000,1
23498,738432,738432,2025-05-07,10000,1
25134,437150,437150,2025-07-14,10000,1
32319,878877,878877,2025-08-21,10000,1
41207,110569,110569,2026-02-20,10000,2
40467,989610,989610,2026-01-09,10000,2
12794,32801,32801,2025-12-21,10000,1
30208,66186,66186,2025-11-21,10000,1
41406,584908,584908,2026-02-12,10000,2
20519,789853,789853,2025-06-28,10000,1
26660,439444,439444,2025-04-14,10000,1
7113,947090,947090,2025-04-14,10000,1
5265,291025,291025,2025-12-28,10000,1
46301,272250,272250,2026-01-21,10000,2
13735,551638,551638,2025-06-21,10000,1
48613,746538,746538,2026-01-27,10000,2
6794,623334,623334,2025-09-14,10000,1
26218,216890,216890,2025-02-06,10000,1
20322,415290,415290,2025-06-14,10000,1
26813,987897,987897,2025-02-06,10000,1
15984,939955,939955,2025-12-28,10000,1
5523,534915,534915,2025-12-21,10000,1
32710,884463,884463,2025-11-14,10000,1
18093,763183,763183,2025-01-06,10000,1
32164,361271,361271,2025-11-07,10000,1
4574,868074,868074,2025-11-14,10000,1
6425,290110,290110,2025-09-14,10000,1
28103,316928,316928,2025-05-07,10000,1
30460,966581,966581,2025-02-20,10000,1
36753,373642,373642,2025-08-14,10000,1
32521,975687,975687,2025-10-28,10000,1
33740,908379,908379,2025-02-13,10000,1
44756,8040,8040,2026-02-03,10000,2
24398,444289,444289,2025-10-28,10000,1
35520,689069,689069,2025-07-07,10000,1
16146,230466,230466,2025-01-06,10000,1
28432,754139,754139,2025-05-07,10000,1
46193,630709,630709,2026-01-23,10000,2
6035,618347,618347,2025-03-21,10000,1
7391,607599,607599,2025-02-06,10000,1
7267,872751,872751,2025-10-07,10000,1
42293,850730,850730,2026-01-18,10000,2
41832,269732,269732,2026-02-20,10000,2
7545,61789,61789,2025-03-07,10000,1
35675,28642,28642,2025-12-21,10000,1
42557,91489,91489,2026-02-10,10000,2
45465,213450,213450,2026-02-24,10000,2
11451,960586,960586,2025-05-14,10000,1
18363,442140,442140,2025-11-28,10000,1
8547,460873,460873,2025-07-07,10000,1
21999,196713,196713,2025-06-21,10000,1
20967,576263,576263,2025-07-14,10000,1
25944,89612,89612,2025-07-21,10000,1
28782,650284,650284,2025-05-21,10000,1
11479,421869,421869,2025-02-13,10000,1
24689,603932,603932,2025-08-28,10000,1
14882,740329,740329,2025-06-28,10000,1
7832,716847,716847,2025-03-28,10000,1
8664,854120,854120,2025-01-20,10000,1
32645,312051,312051,2025-07-07,10000,1
14792,732946,732946,2025-10-14,10000,1
7744,719596,719596,2025-07-28,10000,1
17532,226978,226978,2025-12-21,10000,1
16865,310674,310674,2025-01-27,10000,1
3929,437164,437164,2025-12-14,10000,1
30659,541667,541667,2025-07-07,10000,1
17498,442675,442675,2025-08-14,10000,1
41541,435720,435720,2026-02-27,10000,2
38040,380183,380183,2025-05-14,10000,1
36002,354202,354202,2025-10-28,10000,1
40856,271007,271007,2026-02-01,10000,2
46744,396685,396685,2026-02-16,10000,2
1656,476382,476382,2025-03-28,10000,1
2758,896098,896098,2025-06-28,10000,1
11576,479063,479063,2025-08-14,10000,1
49255,115917,115917,2026-02-09,10000,2
14872,357216,357216,2025-08-28,10000,1
5492,642524,642524,2025-12-07,10000,1
36041,944774,944774,2025-06-28,10000,1
48159,747262,747262,2026-02-23,10000,2
41811,564727,564727,2026-01-21,10000,2
44427,807894,807894,2026-01-05,10000,2
36242,327429,327429,2025-08-21,10000,1
25911,256738,256738,2025-11-14,10000,1
200,750799,750799,2025-04-28,10000,1
30559,558315,558315,2025-06-28,10000,1
6109,6,6,2025-12-21,10000,1
6928,561489,561489,2025-12-28,10000,1
14977,62946,62946,2025-04-07,10000,1
24588,921448,921448,2025-09-21,10000,1
20771,659905,659905,2025-11-28,10000,1
25749,324263,324263,2025-05-07,10000,1
48770,716313,716313,2026-02-08,10000,2
21357,171465,171465,2025-04-21,10000,1
24696,448683,448683,2025-02-20,10000,1
14972,512022,512022,2025-12-21,10000,1
30547,223244,223244,2025-08-07,10000,1
42256,958743,958743,2026-02-09,10000,2
37683,292920,292920,2025-11-07,10000,1
41860,725560,725560,2026-02-11,10000,2
12066,102218,102218,2025-01-13,10000,1
21964,95067,95067,2025-09-21,10000,1
45137,797383,797383,2026-02-01,10000,2
31523,684643,684643,2025-10-21,10000,1
33558,425961,425961,2025-03-07,10000,1
3571,275721,275721,2025-11-07,10000,1
19633,653731,653731,2025-09-07,10000,1
21847,299660,299660,2025-04-07,10000,1
30595,54082,54082,2025-02-13,10000,1
25797,505969,505969,2025-05-14,10000,1
5611,111453,111453,2025-09-28,10000,1
8902,121633,121633,2025-01-13,10000,1
35342,494014,494014,2025-01-27,10000,1
34868,157451,157451,2025-06-21,10000,1
43087,350316,350316,2026-02-28,10000,2
15527,256467,256467,2025-07-28,10000,1
509,980700,980700,2025-06-14,10000,1
42529,805914,805914,2026-02-22,10000,2
20298,906029,906029,2025-10-14,10000,1
33996,630210,630210,2025-08-28,10000,1
851,503989,503989,2025-09-14,10000,1
20459,232292,232292,2025-04-07,10000,1
45867,980742,980742,2026-02-28,10000,2
48287,691420,691420,2026-01-05,10000,2
24094,830930,830930,2025-09-21,10000,1
43588,367342,367342,2026-02-02,10000,2
18146,233343,233343,2025-09-28,10000,1
10614,569175,569175,2025-08-07,10000,1
6848,911118,911118,2025-10-28,10000,1
20084,908778,908778,2025-09-07,10000,1
1742,657383,657383,2025-02-06,10000,1
5160,559256,559256,2025-06-21,10000,1
2594,169177,169177,2025-02-27,10000,1
19017,27087,27087,2025-04-21,10000,1
28163,619803,619803,2025-11-07,10000,1
42185,109379,109379,2026-02-12,10000,2
49246,891529,891529,2026-01-22,10000,2
13048,62452,62452,2025-06-28,10000,1
263,422544,422544,2025-01-20,10000,1
13067,737459,737459,2025-05-28,10000,1
629,508006,508006,2025-03-21,10000,1
21048,92134,92134,2025-03-14,10000,1
42832,119560,119560,2026-02-27,10000,2
21115,905519,905519,2025-09-28,10000,1
43046,138761,138761,2026-01-10,10000,2
3805,282420,282420,2025-03-28,10000,1
21491,555602,555602,2025-02-13,10000,1
4581,423998,423998,2025-10-28,10000,1
1004,202891,202891,2025-06-21,10000,1
32106,608589,608589,2025-12-28,10000,1
16343,857429,857429,2025-02-06,10000,1
15424,243319,243319,2025-10-14,10000,1
28736,913212,913212,2025-02-13,10000,1
11349,404619,404619,2025-05-14,10000,1
20273,677978,677978,2025-05-28,10000,1
33257,539995,539995,2025-04-14,10000,1
46454,848386,848386,2026-01-19,10000,2
30793,220374,220374,2025-09-21,10000,1
17371,805278,805278,2025-07-07,10000,1
30479,141690,141690,2025-02-27,10000,1
21025,143193,143193,2025-03-14,10000,1
11077,967487,967487,2025-12-28,10000,1
34435,476220,476220,2025-01-27,10000,1
14287,790817,790817,2025-01-06,10000,1
28884,545651,545651,2025-10-07,10000,1
28151,841707,841707,2025-06-14,10000,1
43847,444499,444499,2026-01-23,10000,2
43710,529227,529227,2026-02-14,10000,2
23592,494751,494751,2025-06-21,10000,1
10475,48531,48531,2025-07-14,10000,1
42585,53228,53228,2026-01-23,10000,2
43203,786645,786645,2026-02-04,10000,2
4378,651618,651618,2025-10-14,10000,1
24069,783487,783487,2025-11-07,10000,1
45130,833682,833682,2026-01-31,10000,2
24698,617132,617132,2025-01-27,10000,1
19535,173337,173337,2025-04-07,10000,1
16276,433685,433685,2025-08-14,10000,1
37741,348276,348276,2025-06-28,10000,1
12188,433474,433474,2025-06-14,10000,1
7822,361505,361505,2025-11-28,10000,1
44137,615890,615890,2026-01-07,10000,2
8854,280614,280614,2025-11-07,10000,1
33603,899444,899444,2025-10-21,10000,1
7366,478046,478046,2025-07-21,10000,1
45880,220707,220707,2026-02-20,10000,2
41477,628086,628086,2026-01-19,10000,2
13964,893817,893817,2025-05-28,10000,1
45914,344801,344801,2026-02-14,10000,2
4846,920411,920411,2025-09-14,10000,1
27117,310909,310909,2025-10-28,10000,1
32880,587414,587414,2025-02-06,10000,1
33686,993117,993117,2025-05-21,10000,1
6114,613227,613227,2025-03-07,10000,1
21133,398064,398064,2025-04-21,10000,1
26561,692871,692871,2025-06-14,10000,1
38765,908584,908584,2025-11-07,10000,1
9421,916931,916931,2025-06-07,10000,1
34878,165798,165798,2025-07-28,10000,1
6430,309132,309132,2025-03-28,10000,1
31006,17756,17756,2025-08-21,10000,1
19549,956303,956303,2025-05-21,10000,1
4065,789089,789089,2025-09-14,10000,1
3096,912361,912361,2025-07-28,10000,1
19825,997715,997715,2025-11-07,10000,1
45784,726426,726426,2026-02-05,10000,2
7127,475172,475172,2025-04-07,10000,1
16855,559264,559264,2025-09-14,10000,1
25502,7670,7670,2025-10-14,10000,1
28566,24264,24264,2025-10-28,10000,1
38864,59639,59639,2025-06-07,10000,1
47077,998242,998242,2026-02-04,10000,2
48062,587013,587013,2026-01-09,10000,2
12598,510604,510604,2025-01-27,10000,1
16922,984061,984061,2025-04-28,10000,1
38029,580764,580764,2025-09-21,10000,1
14521,683632,683632,2025-08-07,10000,1
43685,130189,130189,2026-01-31,10000,2
14074,970769,970769,2025-07-07,10000,1
28560,213528,213528,2025-12-28,10000,1
10836,205184,205184,2025-06-28,10000,1
5937,495905,495905,2025-03-28,10000,1
9243,591917,591917,2025-12-14,10000,1
5693,318587,318587,2025-08-28,10000,1
32640,222348,222348,2025-12-07,10000,1
8455,378587,378587,2025-09-07,10000,1
10193,337413,337413,2025-12-14,10000,1
3038,251070,251070,2025-07-28,10000,1
42284,155105,155105,2026-01-24,10000,2
46075,574701,574701,2026-01-03,10000,2
46929,909944,909944,2026-01-09,10000,2
4092,595628,595628,2025-02-06,10000,1
22230,55664,55664,2025-02-13,10000,1
27514,608491,608491,2025-04-14,10000,1
30578,590483,590483,2025-10-07,10000,1
38304,392831,392831,2025-01-13,10000,1
6245,39944,39944,2025-06-07,10000,1
726,1094,1094,2025-12-21,10000,1
31607,785930,785930,2025-12-21,10000,1
21336,525988,525988,2025-08-28,10000,1
47235,895111,895111,2026-02-07,10000,2
6833,981927,981927,2025-08-07,10000,1
40042,640680,640680,2026-01-29,10000,2
6468,455586,455586,2025-11-07,10000,1
46148,929741,929741,2026-01-06,10000,2
24058,407864,407864,2025-12-28,10000,1
39522,751740,751740,2026-01-10,10000,2
27362,630959,630959,2025-12-28,10000,1
5460,657735,657735,2025-09-07,10000,1
30674,699593,699593,2025-05-14,10000,1
26828,675710,675710,2025-11-28,10000,1
16636,241270,241270,2025-11-28,10000,1
16299,208023,208023,2025-08-14,10000,1
19377,713429,713429,2025-12-28,10000,1
20213,364826,364826,2025-03-21,10000,1
27024,990598,990598,2025-06-07,10000,1
48754,524621,524621,2026-01-08,10000,2
26384,887039,887039,2025-05-28,10000,1
13299,241986,241986,2025-10-14,10000,1
40968,505691,505691,2026-02-16,10000,2
7269,891672,891672,2025-05-21,10000,1
45847,720972,720972,2026-01-27,10000,2
37127,424147,424147,2025-04-14,10000,1
19820,916616,916616,2025-10-28,10000,1
37809,741215,741215,2025-06-28,10000,1
33994,120464,120464,2025-05-21,10000,1
47119,116044,116044,2026-02-17,10000,2
24863,878560,878560,2025-11-21,10000,1
9434,587105,587105,2025-12-21,10000,1
23328,834362,834362,2025-08-28,10000,1
2060,301372,301372,2025-08-07,10000,1
20784,999333,999333,2025-07-14,10000,1
43215,617671,617671,2026-02-03,10000,2
36992,775542,775542,2025-06-28,10000,1
41221,514949,514949,2026-01-09,10000,2
32286,62088,62088,2025-10-28,10000,1
7095,897628,897628,2025-07-14,10000,1
3137,885427,885427,2025-08-14,10000,1
6232,32686,32686,2025-02-13,10000,1
24281,195961,195961,2025-07-28,10000,1
46676,637291,637291,2026-01-14,10000,2
20868,766332,766332,2025-11-28,10000,1
5,377768,377768,2025-11-14,10000,1
31079,587663,587663,2025-06-21,10000,1
26861,302425,302425,2025-09-07,10000,1
17600,588465,588465,2025-04-14,10000,1
3031,193552,193552,2025-10-28,10000,1
42266,358516,358516,2026-01-14,10000,2
46547,528418,528418,2026-02-11,10000,2
7218,793673,793673,2025-06-14,10000,1
30622,854044,854044,2025-03-28,10000,1
47365,981384,981384,2026-01-06,10000,2
9585,820129,820129,2025-01-20,10000,1
41827,167212,167212,2026-01-14,10000,2
42639,768008,768008,2026-01-21,10000,2
21721,792046,792046,2025-08-14,10000,1
2742,734693,734693,2025-12-14,10000,1
12352,214481,214481,2025-12-14,10000,1
10152,907266,907266,2025-08-14,10000,1
38930,548453,548453,2025-03-14,10000,1
39528,910989,910989,2026-02-14,10000,2
8469,44556,44556,2025-12-07,10000,1
35786,462699,462699,2025-06-07,10000,1
1123,217460,217460,2025-10-14,10000,1
2575,789958,789958,2025-10-07,10000,1
40428,201946,201946,2026-01-18,10000,2
18124,824208,824208,2025-01-13,10000,1
19248,228706,228706,2025-01-06,10000,1
38300,192704,192704,2025-10-28,10000,1
5734,723050,723050,2025-04-21,10000,1
43686,241838,241838,2026-01-09,10000,2
2976,893023,893023,2025-07-07,10000,1
8808,286966,286966,2025-03-28,10000,1
21740,200512,200512,2025-04-21,10000,1
1423,551285,551285,2025-03-14,10000,1
11464,915359,915359,2025-06-21,10000,1
26458,968078,968078,2025-04-28,10000,1
21880,715380,715380,2025-09-28,10000,1
12008,404060,404060,2025-01-13,10000,1
25778,537182,537182,2025-12-28,10000,1
7309,356185,356185,2025-05-07,10000,1
31295,526325,526325,2025-02-13,10000,1
37838,504629,504629,2025-12-28,10000,1
7991,927487,927487,2025-04-14,10000,1
16271,361557,361557,2025-11-07,10000,1
8275,250069,250069,2025-09-07,10000,1
10100,771534,771534,2025-04-28,10000,1
4878,493141,493141,2025-03-21,10000,1
11402,713069,713069,2025-10-28,10000,1
45999,822323,822323,2026-01-08,10000,2
42986,970126,970126,2026-01-27,10000,2
37812,324272,324272,2025-11-07,10000,1
39079,978880,978880,2025-07-07,10000,1
21894,293972,293972,2025-09-21,10000,1
21641,228182,228182,2025-10-28,10000,1
39552,56957,56957,2026-02-10,10000,2
29581,651947,651947,2025-02-20,10000,1
9520,444621,444621,2025-08-14,10000,1
4623,617949,617949,2025-02-27,10000,1
40566,159859,159859,2026-01-10,10000,2
33480,543483,543483,2025-12-14,10000,1
11015,547996,547996,2025-06-14,10000,1
46488,277208,277208,2026-02-13,10000,2
15682,574072,574072,2025-03-14,10000,1
13085,506190,506190,2025-02-27,10000,1
8685,814808,814808,2025-05-14,10000,1
30720,789222,789222,2025-09-28,10000,1
8207,266141,266141,2025-06-14,10000,1
20191,986450,986450,2025-10-07,10000,1
5212,534643,534643,2025-05-28,10000,1
7268,572112,572112,2025-02-27,10000,1
10211,579679,579679,2025-01-20,10000,1
17833,690066,690066,2025-10-07,10000,1
5349,951853,951853,2025-07-14,10000,1
3222,880024,880024,2025-10-28,10000,1
2970,797487,797487,2025-11-07,10000,1
35723,850488,850488,2025-07-07,10000,1
41567,968171,968171,2026-02-25,10000,2
7361,639516,639516,2025-07-07,10000,1
46823,112781,112781,2026-02-25,10000,2
25409,804738,804738,2025-09-14,10000,1
42679,386976,386976,2026-02-01,10000,2
36694,166694,166694,2025-07-07,10000,1
48442,838741,838741,2026-01-15,10000,2
34750,802504,802504,2025-11-14,10000,1
46245,987091,987091,2026-02-07,10000,2
3863,686527,686527,2025-10-28,10000,1
38392,278931,278931,2025-09-21,10000,1
46470,796602,796602,2026-02-15,10000,2
1901,186264,186264,2025-05-21,10000,1
32654,750027,750027,2025-05-28,10000,1
16967,373397,373397,2025-09-28,10000,1
3397,346313,346313,2025-01-27,10000,1
13255,949164,949164,2025-10-14,10000,1
22155,413336,413336,2025-05-07,10000,1
3054,391135,391135,2025-10-07,10000,1
48822,191673,191673,2026-01-31,10000,2
28439,772597,772597,2025-05-28,10000,1
48415,87248,87248,2026-01-07,10000,2
11916,223777,223777,2025-07-07,10000,1
8386,82463,82463,2025-08-14,10000,1
22172,921802,921802,2025-04-14,10000,1
14474,343507,343507,2025-08-07,10000,1
29416,652012,652012,2025-09-07,10000,1
3752,992652,992652,2025-01-06,10000,1
48551,520440,520440,2026-02-04,10000,2
30275,898966,898966,2025-01-27,10000,1
21736,352156,352156,2025-08-21,10000,1
8376,493467,493467,2025-05-14,10000,1
10987,105491,105491,2025-02-06,10000,1
18917,861984,861984,2025-06-28,10000,1
14300,597425,597425,2025-02-13,10000,1
35814,229531,229531,2025-03-14,10000,1
34246,159453,159453,2025-03-14,10000,1
34916,345537,345537,2025-03-14,10000,1
5877,127334,127334,2025-10-21,10000,1
2214,619951,619951,2025-06-07,10000,1
34010,693766,693766,2025-05-14,10000,1
30139,938228,938228,2025-12-14,10000,1
5187,995013,995013,2025-03-21,10000,1
38985,228221,228221,2025-11-14,10000,1
30508,211918,211918,2025-10-21,10000,1
32701,557691,557691,2025-06-14,10000,1
46683,959683,959683,2026-01-11,10000,2
12314,149542,149542,2025-12-21,10000,1
24902,129809,129809,2025-05-21,10000,1
35315,995225,995225,2025-01-20,10000,1
7919,923458,923458,2025-11-28,10000,1
16225,686079,686079,2025-07-14,10000,1
21729,716696,716696,2025-01-13,10000,1
41563,828121,828121,2026-01-07,10000,2
12610,807056,807056,2025-07-14,10000,1
12620,98275,98275,2025-03-21,10000,1
673,388290,388290,2025-09-28,10000,1
35827,777254,777254,2025-05-28,10000,1
9657,459768,459768,2025-10-07,10000,1
13311,37474,37474,2025-12-28,10000,1
3002,652198,652198,2025-05-14,10000,1
18028,246569,246569,2025-07-07,10000,1
37789,165653,165653,2025-01-27,10000,1
41849,988954,988954,2026-01-07,10000,2
27027,186845,186845,2025-11-14,10000,1
44923,618857,618857,2026-02-03,10000,2
34469,837840,837840,2025-03-21,10000,1
41511,145041,145041,2026-01-30,10000,2
8648,339808,339808,2025-02-13,10000,1
14687,351778,351778,2025-12-21,10000,1
48996,555728,555728,2026-02-16,10000,2
35875,440577,440577,2025-08-14,10000,1
32169,949960,949960,2025-11-21,10000,1
22923,17084,17084,2025-11-07,10000,1
28374,169038,169038,2025-09-21,10000,1
36172,223050,223050,2025-11-14,10000,1
19416,314394,314394,2025-02-27,10000,1
26519,554448,554448,2025-09-21,10000,1
40981,851368,851368,2026-02-21,10000,2
11016,804604,804604,2025-06-07,10000,1
1031,936999,936999,2025-08-07,10000,1
25377,639246,639246,2025-04-28,10000,1
37281,284633,284633,2025-09-21,10000,1
21402,524167,524167,2025-12-21,10000,1
18969,865972,865972,2025-01-27,10000,1
34648,420255,420255,2025-03-14,10000,1
34271,400653,400653,2025-02-06,10000,1
22527,551639,551639,2025-10-14,10000,1
43004,129605,129605,2026-02-14,10000,2
6189,183773,183773,2025-10-28,10000,1
1955,995055,995055,2025-01-06,10000,1
28057,832886,832886,2025-06-14,10000,1
4989,39447,39447,2025-03-14,10000,1
30607,403075,403075,2025-02-13,10000,1
17645,110382,110382,2025-09-28,10000,1
11210,607956,607956,2025-04-07,10000,1
35194,603142,603142,2025-07-28,10000,1
32651,914360,914360,2025-04-07,10000,1
42036,841815,841815,2026-02-03,10000,2
30041,468210,468210,2025-04-14,10000,1
27330,971313,971313,2025-08-28,10000,1
32196,633422,633422,2025-05-21,10000,1
10390,386429,386429,2025-05-14,10000,1
17664,488735,488735,2025-01-27,10000,1
1119,818362,818362,2025-10-28,10000,1
27545,658405,658405,2025-06-07,10000,1
35178,809915,809915,2025-03-07,10000,1
47782,576991,576991,2026-01-23,10000,2
7688,209621,209621,2025-08-07,10000,1
7823,118712,118712,2025-08-07,10000,1
6133,287750,287750,2025-05-21,10000,1
7285,418249,418249,2025-03-07,10000,1
22809,3571,3571,2025-12-07,10000,1
48737,711022,711022,2026-01-16,10000,2
9802,931563,931563,2025-04-14,10000,1
49097,116582,116582,2026-02-11,10000,2
6922,563224,563224,2025-05-28,10000,1
7265,947602,947602,2025-09-07,10000,1
7673,673496,673496,2025-07-28,10000,1
42899,252734,252734,2026-02-10,10000,2
4615,4550,4550,2025-08-21,10000,1
27169,639079,639079,2025-11-28,10000,1
28437,505890,505890,2025-06-14,10000,1
21366,449469,449469,2025-12-28,10000,1
25874,306941,306941,2025-04-28,10000,1
34391,304039,304039,2025-07-28,10000,1
15885,76551,76551,2025-10-14,10000,1
40335,970530,970530,2026-02-15,10000,2
10742,513745,513745,2025-06-28,10000,1
26875,613965,613965,2025-01-20,10000,1
19722,134374,134374,2025-06-28,10000,1
37001,547829,547829,2025-08-07,10000,1
37759,540854,540854,2025-11-28,10000,1
31691,271175,271175,2025-04-07,10000,1
30810,837544,837544,2025-05-07,10000,1
22703,706939,706939,2025-01-13,10000,1
44445,902736,902736,2026-02-14,10000,2
44030,564409,564409,2026-02-12,10000,2
41883,789183,789183,2026-01-20,10000,2
38632,711674,711674,2025-05-07,10000,1
32327,375888,375888,2025-05-14,10000,1
16934,182321,182321,2025-02-13,10000,1
27450,753140,753140,2025-09-14,10000,1
4306,604456,604456,2025-01-13,10000,1
6367,888270,888270,2025-09-21,10000,1
23599,550386,550386,2025-05-07,10000,1
24168,543999,543999,2025-03-21,10000,1
10613,476602,476602,2025-06-21,10000,1
14171,995577,995577,2025-07-21,10000,1
12408,937315,937315,2025-12-14,10000,1
43435,711573,711573,2026-02-23,10000,2
16498,95134,95134,2025-06-21,10000,1
14399,243943,243943,2025-06-21,10000,1
18538,496803,496803,2025-07-14,10000,1
25731,754062,754062,2025-11-14,10000,1
23557,994299,994299,2025-09-14,10000,1
24318,937093,937093,2025-01-13,10000,1
24845,559528,559528,2025-12-28,10000,1
6753,45682,45682,2025-12-07,10000,1
1220,376519,376519,2025-06-28,10000,1
23975,971182,971182,2025-06-28,10000,1
48399,661519,661519,2026-01-17,10000,2
42710,242967,242967,2026-01-05,10000,2
16181,555473,555473,2025-07-28,10000,1
12297,94349,94349,2025-09-07,10000,1
466,603630,603630,2025-02-20,10000,1
8060,123264,123264,2025-05-21,10000,1
45870,838628,838628,2026-02-20,10000,2
4349,132759,132759,2025-03-28,10000,1
38773,227386,227386,2025-07-07,10000,1
41526,291630,291630,2026-01-18,10000,2
38299,453281,453281,2025-08-14,10000,1
45211,589481,589481,2026-01-13,10000,2
34237,732799,732799,2025-09-21,10000,1
32341,80850,80850,2025-11-28,10000,1
28828,790627,790627,2025-02-27,10000,1
10633,912014,912014,2025-12-21,10000,1
33662,703828,703828,2025-10-21,10000,1
47244,596614,596614,2026-02-10,10000,2
31039,195113,195113,2025-09-07,10000,1
6129,456090,456090,2025-12-28,10000,1
23382,967739,967739,2025-02-20,10000,1
17727,658138,658138,2025-06-21,10000,1
41968,647957,647957,2026-02-02,10000,2
28000,323349,323349,2025-07-14,10000,1
23749,117049,117049,2025-03-07,10000,1
47769,22140,22140,2026-02-12,10000,2
35232,180387,180387,2025-02-20,10000,1
9684,581883,581883,2025-12-28,10000,1
27301,601872,601872,2025-05-14,10000,1
25448,236939,236939,2025-02-20,10000,1
15482,721778,721778,2025-01-27,10000,1
3698,343297,343297,2025-05-14,10000,1
32913,850678,850678,2025-04-14,10000,1
38442,103276,103276,2025-01-20,10000,1
26890,136454,136454,2025-02-06,10000,1
17521,243849,243849,2025-08-28,10000,1
34375,201890,201890,2025-11-14,10000,1
36849,687954,687954,2025-05-21,10000,1
11575,373782,373782,2025-09-07,10000,1
1407,40226,40226,2025-04-14,10000,1
5188,770906,770906,2025-08-21,10000,1
22938,561590,561590,2025-11-14,10000,1
2531,425498,425498,2025-10-28,10000,1
35801,657099,657099,2025-07-14,10000,1
29921,277793,277793,2025-12-07,10000,1
44621,207382,207382,2026-01-16,10000,2
29327,315085,315085,2025-11-07,10000,1
33084,879067,879067,2025-07-28,10000,1
20072,745793,745793,2025-02-13,10000,1
8693,267145,267145,2025-08-14,10000,1
18915,810832,810832,2025-05-21,10000,1
43712,977467,977467,2026-01-14,10000,2
43780,545723,545723,2026-01-02,10000,2
7668,834557,834557,2025-09-21,10000,1
28132,310757,310757,2025-08-07,10000,1
37729,794903,794903,2025-09-14,10000,1
33137,473703,473703,2025-01-13,10000,1
1812,858770,858770,2025-05-21,10000,1
22686,847597,847597,2025-02-13,10000,1
39671,704603,704603,2026-02-22,10000,2
6924,272377,272377,2025-09-28,10000,1
23078,486755,486755,2025-08-21,10000,1
29520,965102,965102,2025-05-28,10000,1
16387,684350,684350,2025-02-13,10000,1
13833,963237,963237,2025-10-07,10000,1
1823,650979,650979,2025-07-21,10000,1
24903,647136,647136,2025-12-21,10000,1
32236,658382,658382,2025-10-21,10000,1
10676,757430,757430,2025-01-13,10000,1
24667,410145,410145,2025-03-14,10000,1
49076,800937,800937,2026-02-26,10000,2
48288,649409,649409,2026-02-07,10000,2
645,971286,971286,2025-03-28,10000,1
41314,870029,870029,2026-02-05,10000,2
43463,210981,210981,2026-02-14,10000,2
38429,849358,849358,2025-01-06,10000,1
27556,211435,211435,2025-07-21,10000,1
24826,127010,127010,2025-02-27,10000,1
10051,769126,769126,2025-12-28,10000,1
25892,91874,91874,2025-05-14,10000,1
13984,544399,544399,2025-11-28,10000,1
45053,597938,597938,2026-02-15,10000,2
5374,678837,678837,2025-09-21,10000,1
47978,954762,954762,2026-02-02,10000,2
45618,348081,348081,2026-02-22,10000,2
17169,444990,444990,2025-08-07,10000,1
36863,621395,621395,2025-12-14,10000,1
38682,611487,611487,2025-10-28,10000,1
4963,980310,980310,2025-02-06,10000,1
38077,225148,225148,2025-02-06,10000,1
2955,188285,188285,2025-09-07,10000,1
30531,549109,549109,2025-08-28,10000,1
34893,67506,67506,2025-10-28,10000,1
26152,539867,539867,2025-04-21,10000,1
16358,484123,484123,2025-12-14,10000,1
36997,494843,494843,2025-11-14,10000,1
40012,787941,787941,2026-01-29,10000,2
6355,860990,860990,2025-02-27,10000,1
48774,85726,85726,2026-01-21,10000,2
20236,693749,693749,2025-10-14,10000,1
24442,476699,476699,2025-01-27,10000,1
3919,174566,174566,2025-03-14,10000,1
20207,707275,707275,2025-09-28,10000,1
24471,858661,858661,2025-09-28,10000,1
45842,886122,886122,2026-01-19,10000,2
6180,216212,216212,2025-07-28,10000,1
38954,670160,670160,2025-09-14,10000,1
15243,107546,107546,2025-02-06,10000,1
18045,668804,668804,2025-09-21,10000,1
41995,22796,22796,2026-01-06,10000,2
20854,250106,250106,2025-04-21,10000,1
15190,397096,397096,2025-09-14,10000,1
10264,540839,540839,2025-11-28,10000,1
29499,767407,767407,2025-07-28,10000,1
24529,608141,608141,2025-04-21,10000,1
3618,407850,407850,2025-02-27,10000,1
28149,271088,271088,2025-07-14,10000,1
33094,54037,54037,2025-08-14,10000,1
3254,214855,214855,2025-04-14,10000,1
17373,209279,209279,2025-05-21,10000,1
37094,929508,929508,2025-01-20,10000,1
5228,317768,317768,2025-06-14,10000,1
6677,804360,804360,2025-09-28,10000,1
48117,611880,611880,2026-02-07,10000,2
34956,831811,831811,2025-12-14,10000,1
38981,935056,935056,2025-03-14,10000,1
47267,694978,694978,2026-01-23,10000,2
46214,609217,609217,2026-02-27,10000,2
28300,789337,789337,2025-02-06,10000,1
15036,207682,207682,2025-06-28,10000,1
38176,30798,30798,2025-02-27,10000,1
2190,752736,752736,2025-05-21,10000,1
37827,831969,831969,2025-06-14,10000,1
18125,323818,323818,2025-11-14,10000,1
21523,254051,254051,2025-09-07,10000,1
17135,515000,515000,2025-06-21,10000,1
37318,815021,815021,2025-04-28,10000,1
20511,252048,252048,2025-02-27,10000,1
26370,619676,619676,2025-05-14,10000,1
38821,509159,509159,2025-10-14,10000,1
29105,384703,384703,2025-05-21,10000,1
42593,560783,560783,2026-01-02,10000,2
25729,109482,109482,2025-07-21,10000,1
22398,795675,795675,2025-08-21,10000,1
24129,573609,573609,2025-10-28,10000,1
8881,326579,326579,2025-09-21,10000,1
6179,842156,842156,2025-05-14,10000,1
46053,851168,851168,2026-02-14,10000,2
44060,360087,360087,2026-01-14,10000,2
28627,590867,590867,2025-06-21,10000,1
9074,463409,463409,2025-12-14,10000,1
32649,192237,192237,2025-01-20,10000,1
9847,233750,233750,2025-04-14,10000,1
417,285017,285017,2025-03-21,10000,1
19865,543132,543132,2025-03-28,10000,1
16065,573741,573741,2025-10-21,10000,1
26445,651867,651867,2025-05-28,10000,1
47466,253871,253871,2026-01-17,10000,2
8781,109311,109311,2025-08-14,10000,1
42646,340917,340917,2026-01-27,10000,2
20466,500395,500395,2025-12-14,10000,1
48839,356957,356957,2026-02-26,10000,2
28284,978468,978468,2025-07-21,10000,1
22339,963443,963443,2025-05-14,10000,1
24482,266573,266573,2025-02-13,10000,1
45531,779327,779327,2026-02-26,10000,2
3036,198278,198278,2025-09-14,10000,1
37929,976964,976964,2025-03-07,10000,1
8421,617166,617166,2025-02-13,10000,1
48469,743068,743068,2026-01-28,10000,2
36593,865406,865406,2025-07-28,10000,1
39369,179157,179157,2025-08-28,10000,1
32944,477717,477717,2025-09-14,10000,1
45079,973704,973704,2026-02-10,10000,2
18509,284210,284210,2025-02-27,10000,1
12506,882056,882056,2025-12-14,10000,1
29660,119655,119655,2025-08-07,10000,1
23610,982525,982525,2025-08-28,10000,1
22961,370531,370531,2025-08-14,10000,1
39372,867131,867131,2025-04-14,10000,1
14489,304022,304022,2025-11-07,10000,1
18662,915492,915492,2025-11-28,10000,1
29986,702131,702131,2025-02-06,10000,1
40751,267858,267858,2026-01-19,10000,2
4249,549809,549809,2025-08-21,10000,1
46995,946698,946698,2026-01-20,10000,2
36400,435925,435925,2025-08-28,10000,1
29271,810328,810328,2025-06-14,10000,1
18105,994977,994977,2025-12-21,10000,1
26147,756227,756227,2025-12-14,10000,1
42518,56337,56337,2026-02-25,10000,2
22452,387504,387504,2025-09-14,10000,1
8940,112871,112871,2025-09-14,10000,1
38196,311684,311684,2025-03-14,10000,1
46870,739739,739739,2026-02-07,10000,2
28987,717124,717124,2025-10-14,10000,1
24555,504579,504579,2025-08-14,10000,1
42632,309825,309825,2026-01-31,10000,2
19861,467263,467263,2025-11-07,10000,1
8778,951471,951471,2025-08-28,10000,1
37932,255398,255398,2025-05-21,10000,1
45274,639399,639399,2026-01-27,10000,2
31093,860742,860742,2025-01-20,10000,1
45663,303460,303460,2026-01-05,10000,2
2009,958995,958995,2025-02-27,10000,1
24626,325846,325846,2025-03-14,10000,1
38822,241353,241353,2025-07-21,10000,1
1537,615209,615209,2025-05-07,10000,1
8740,222046,222046,2025-12-14,10000,1
26085,386664,386664,2025-11-07,10000,1
32422,327798,327798,2025-03-21,10000,1
4507,122118,122118,2025-05-07,10000,1
48412,490279,490279,2026-02-08,10000,2
333,971895,971895,2025-04-28,10000,1
21470,481827,481827,2025-05-28,10000,1
21404,311167,311167,2025-02-06,10000,1
8930,179094,179094,2025-05-07,10000,1
26683,653379,653379,2025-08-07,10000,1
32072,520311,520311,2025-06-21,10000,1
25253,501809,501809,2025-09-21,10000,1
27772,131564,131564,2025-07-21,10000,1
12378,233070,233070,2025-11-28,10000,1
6624,848902,848902,2025-04-07,10000,1
22079,608721,608721,2025-03-21,10000,1
36582,82903,82903,2025-05-14,10000,1
14748,575767,575767,2025-10-28,10000,1
34499,708420,708420,2025-11-14,10000,1
25903,903199,903199,2025-01-27,10000,1
21655,550623,550623,2025-04-14,10000,1
41918,956313,956313,2026-01-13,10000,2
44491,387409,387409,2026-02-06,10000,2
17782,438643,438643,2025-07-28,10000,1
6432,431744,431744,2025-07-28,10000,1
34187,267599,267599,2025-09-21,10000,1
1591,331019,331019,2025-05-28,10000,1
35121,317410,317410,2025-01-20,10000,1
38160,685078,685078,2025-07-07,10000,1
30126,278953,278953,2025-11-14,10000,1
46993,740275,740275,2026-02-19,10000,2
11458,673201,673201,2025-11-21,10000,1
14418,495773,495773,2025-03-28,10000,1
26465,222597,222597,2025-03-07,10000,1
46796,835752,835752,2026-01-12,10000,2
12005,36665,36665,2025-04-21,10000,1
13215,539507,539507,2025-05-07,10000,1
22860,690778,690778,2025-01-06,10000,1
32725,704652,704652,2025-08-07,10000,1
36836,800451,800451,2025-07-28,10000,1
30213,962894,962894,2025-05-28,10000,1
46685,408751,408751,2026-01-04,10000,2
16421,221173,221173,2025-12-28,10000,1
39947,365439,365439,2026-02-04,10000,2
1499,235937,235937,2025-04-21,10000,1
45377,592773,592773,2026-01-10,10000,2
12458,851835,851835,2025-05-14,10000,1
10870,432447,432447,2025-01-20,10000,1
19012,493168,493168,2025-01-13,10000,1
7983,138639,138639,2025-04-14,10000,1
3793,464026,464026,2025-03-07,10000,1
29215,645139,645139,2025-02-06,10000,1
22158,282330,282330,2025-02-06,10000,1
14556,571612,571612,2025-01-20,10000,1
10425,646423,646423,2025-03-07,10000,1
13957,613829,613829,2025-04-14,10000,1
10821,783930,783930,2025-01-13,10000,1
43655,144938,144938,2026-02-15,10000,2
12371,291540,291540,2025-05-14,10000,1
30203,800720,800720,2025-01-06,10000,1
22296,386164,386164,2025-01-20,10000,1
48669,776757,776757,2026-02-17,10000,2
41917,116561,116561,2026-02-20,10000,2
19340,914955,914955,2025-04-21,10000,1
30222,78193,78193,2025-02-20,10000,1
10437,367831,367831,2025-05-21,10000,1
46087,699053,699053,2026-02-05,10000,2
13701,902161,902161,2025-11-07,10000,1
47278,228765,228765,2026-02-16,10000,2
9255,306000,306000,2025-12-28,10000,1
15102,790883,790883,2025-07-14,10000,1
44731,969483,969483,2026-02-23,10000,2
27994,939680,939680,2025-01-27,10000,1
9556,298659,298659,2025-06-21,10000,1
7950,115195,115195,2025-07-14,10000,1
43566,767790,767790,2026-01-03,10000,2
40975,578039,578039,2026-02-18,10000,2
22665,244094,244094,2025-07-21,10000,1
8407,991330,991330,2025-09-28,10000,1
3738,559625,559625,2025-09-28,10000,1
48345,64311,64311,2026-02-11,10000,2
39882,5899,5899,2026-01-04,10000,2
21563,346389,346389,2025-09-14,10000,1
24732,278039,278039,2025-01-06,10000,1
35568,771607,771607,2025-04-21,10000,1
5554,900483,900483,2025-06-07,10000,1
10241,41262,41262,2025-10-14,10000,1
36693,922271,922271,2025-08-14,10000,1
23021,508603,508603,2025-08-21,10000,1
29358,505531,505531,2025-08-21,10000,1
29928,769721,769721,2025-09-14,10000,1
16340,480743,480743,2025-09-28,10000,1
36334,134593,134593,2025-10-28,10000,1
5599,108300,108300,2025-05-21,10000,1
44726,863727,863727,2026-01-23,10000,2
33504,339750,339750,2025-07-21,10000,1
21064,269106,269106,2025-09-21,10000,1
36874,640298,640298,2025-09-14,10000,1
29250,976983,976983,2025-03-21,10000,1
37060,464135,464135,2025-12-14,10000,1
18843,962932,962932,2025-01-20,10000,1
22948,631098,631098,2025-05-28,10000,1
22573,126933,126933,2025-06-14,10000,1
32815,66374,66374,2025-04-28,10000,1
39615,118833,118833,2026-01-10,10000,2
31053,23994,23994,2025-11-14,10000,1
42193,711597,711597,2026-01-03,10000,2
5663,657196,657196,2025-12-07,10000,1
1115,510259,510259,2025-03-07,10000,1
35641,691102,691102,2025-10-07,10000,1
14468,923117,923117,2025-04-14,10000,1
665,923131,923131,2025-06-07,10000,1
45980,901219,901219,2026-01-19,10000,2
34462,316330,316330,2025-08-21,10000,1
1233,855166,855166,2025-08-14,10000,1
9069,940598,940598,2025-07-14,10000,1
6112,792354,792354,2025-10-14,10000,1
502,509873,509873,2025-11-21,10000,1
31581,188702,188702,2025-03-14,10000,1
46528,910693,910693,2026-01-04,10000,2
48643,545190,545190,2026-01-07,10000,2
26359,869405,869405,2025-11-07,10000,1
46452,582515,582515,2026-01-30,10000,2
41641,133849,133849,2026-01-09,10000,2
6568,482133,482133,2025-04-21,10000,1
28386,154561,154561,2025-04-21,10000,1
21172,371400,371400,2025-01-27,10000,1
13651,556039,556039,2025-05-21,10000,1
46780,120324,120324,2026-02-08,10000,2
29340,249414,249414,2025-03-21,10000,1
38182,295063,295063,2025-12-21,10000,1
46139,883095,883095,2026-01-25,10000,2
7625,491785,491785,2025-02-06,10000,1
14742,558157,558157,2025-06-14,10000,1
6716,47888,47888,2025-08-21,10000,1
14715,931215,931215,2025-02-06,10000,1
13990,204887,204887,2025-10-21,10000,1
33779,926877,926877,2025-11-14,10000,1
44650,774788,774788,2026-02-26,10000,2
47335,497579,497579,2026-01-09,10000,2
16383,353911,353911,2025-04-21,10000,1
10491,930019,930019,2025-01-13,10000,1
11602,397127,397127,2025-07-21,10000,1
41208,300291,300291,2026-02-08,10000,2
18960,866890,866890,2025-12-14,10000,1
7030,135202,135202,2025-07-28,10000,1
23523,62783,62783,2025-11-14,10000,1
49205,410534,410534,2026-01-01,10000,2
35446,902202,902202,2025-07-28,10000,1
33301,873925,873925,2025-03-07,10000,1
21671,629252,629252,2025-12-14,10000,1
34856,163308,163308,2025-01-20,10000,1
26236,384692,384692,2025-02-13,10000,1
4851,963607,963607,2025-11-21,10000,1
5908,903680,903680,2025-06-14,10000,1
48634,866578,866578,2026-01-27,10000,2
49141,859748,859748,2026-01-04,10000,2
48135,450936,450936,2026-02-16,10000,2
42086,651346,651346,2026-01-01,10000,2
3715,222542,222542,2025-07-07,10000,1
5628,574204,574204,2025-07-14,10000,1
1508,610764,610764,2025-10-07,10000,1
16958,413290,413290,2025-09-14,10000,1
29096,809008,809008,2025-03-14,10000,1
