Customer_ID,Vehicle_ID,Policy_Purchase_Date,Policy_Tenure,Vehicle_Value,Premium,Policy_Start_Date,Policy_End_Date
987232,987232,2024-12-16,2,100000,200,2025-12-16,2027-12-16
79955,79955,2024-11-29,2,100000,200,2025-11-29,2027-11-29
567131,567131,2024-05-04,2,100000,200,2025-05-04,2027-05-04
500892,500892,2024-05-12,3,100000,300,2025-05-12,2028-05-11
55400,55400,2024-02-17,3,100000,300,2025-02-16,2028-02-16
135050,135050,2024-04-18,3,100000,300,2025-04-18,2028-04-17
733379,733379,2024-06-24,2,100000,200,2025-06-24,2027-06-24
732058,732058,2024-05-19,4,100000,400,2025-05-19,2029-05-18
51334,51334,2024-08-27,2,100000,200,2025-08-27,2027-08-27
731480,731480,2024-12-27,2,100000,200,2025-12-27,2027-12-27
399759,399759,2024-01-25,2,100000,200,2025-01-24,2027-01-24
401398,401398,2024-12-30,3,100000,300,2025-12-30,2028-12-29
855486,855486,2024-03-31,3,100000,300,2025-03-31,2028-03-30
858885,858885,2024-05-24,4,100000,400,2025-05-24,2029-05-23
503248,503248,2024-03-27,1,100000,100,2025-03-27,2026-03-27
864742,864742,2024-10-23,3,100000,300,2025-10-23,2028-10-22
35033,35033,2024-10-26,3,100000,300,2025-10-26,2028-10-25
995704,995704,2024-11-25,3,100000,300,2025-11-25,2028-11-24
376762,376762,2024-12-01,3,100000,300,2025-12-01,2028-11-30
811354,811354,2024-09-29,3,100000,300,2025-09-29,2028-09-28
577746,577746,2024-03-25,4,100000,400,2025-03-25,2029-03-24
659807,659807,2024-07-11,3,100000,300,2025-07-11,2028-07-10
219340,219340,2024-11-12,2,100000,200,2025-11-12,2027-11-12
979756,979756,2024-03-02,4,100000,400,2025-03-02,2029-03-01
625692,625692,2024-02-13,2,100000,200,2025-02-12,2027-02-12
215340,215340,2024-03-21,3,100000,300,2025-03-21,2028-03-20
443418,443418,2024-03-20,1,100000,100,2025-03-20,2026-03-20
980329,980329,2024-03-15,3,100000,300,2025-03-15,2028-03-14
336984,336984,2024-12-18,1,100000,100,2025-12-18,2026-12-18
518813,518813,2024-09-16,3,100000,300,2025-09-16,2028-09-15
943379,943379,2024-02-07,3,100000,300,2025-02-06,2028-02-06
2086,2086,2024-02-28,2,100000,200,2025-02-27,2027-02-27
663616,663616,2024-07-22,2,100000,200,2025-07-22,2027-07-22
677815,677815,2024-11-09,3,100000,300,2025-11-09,2028-11-08
957738,957738,2024-03-27,2,100000,200,2025-03-27,2027-03-27
543083,543083,2024-08-11,3,100000,300,2025-08-11,2028-08-10
529928,529928,2024-05-11,2,100000,200,2025-05-11,2027-05-11
66337,66337,2024-05-30,2,100000,200,2025-05-30,2027-05-30
272967,272967,2024-06-24,4,100000,400,2025-06-24,2029-06-23
876376,876376,2024-09-06,1,100000,100,2025-09-06,2026-09-06
443182,443182,2024-04-25,1,100000,100,2025-04-25,2026-04-25
38748,38748,2024-11-11,4,100000,400,2025-11-11,2029-11-10
244519,244519,2024-11-24,2,100000,200,2025-11-24,2027-11-24
321942,321942,2024-12-06,2,100000,200,2025-12-06,2027-12-06
212424,212424,2024-12-24,1,100000,100,2025-12-24,2026-12-24
684488,684488,2024-09-02,3,100000,300,2025-09-02,2028-09-01
460022,460022,2024-03-03,1,100000,100,2025-03-03,2026-03-03
330798,330798,2024-04-12,3,100000,300,2025-04-12,2028-04-11
820288,820288,2024-07-24,2,100000,200,2025-07-24,2027-07-24
934969,934969,2024-02-03,3,100000,300,2025-02-02,2028-02-02
878903,878903,2024-02-15,1,100000,100,2025-02-14,2026-02-14
507015,507015,2024-06-16,1,100000,100,2025-06-16,2026-06-16
63469,63469,2024-02-07,3,100000,300,2025-02-06,2028-02-06
568671,568671,2024-05-19,2,100000,200,2025-05-19,2027-05-19
855772,855772,2024-02-22,1,100000,100,2025-02-21,2026-02-21
606373,606373,2024-02-04,3,100000,300,2025-02-03,2028-02-03
358901,358901,2024-06-05,2,100000,200,2025-06-05,2027-06-05
178393,178393,2024-09-20,2,100000,200,2025-09-20,2027-09-20
921915,921915,2024-11-12,1,100000,100,2025-11-12,2026-11-12
348366,348366,2024-01-09,3,100000,300,2025-01-08,2028-01-08
377483,377483,2024-09-28,3,100000,300,2025-09-28,2028-09-27
44793,44793,2024-07-19,4,100000,400,2025-07-19,2029-07-18
690928,690928,2024-01-18,4,100000,400,2025-01-17,2029-01-16
50314,50314,2024-05-04,2,100000,200,2025-05-04,2027-05-04
780882,780882,2024-03-16,4,100000,400,2025-03-16,2029-03-15
18959,18959,2024-04-02,2,100000,200,2025-04-02,2027-04-02
804704,804704,2024-01-21,2,100000,200,2025-01-20,2027-01-20
8986,8986,2024-04-26,3,100000,300,2025-04-26,2028-04-25
99902,99902,2024-12-28,3,100000,300,2025-12-28,2028-12-27
655319,655319,2024-07-07,2,100000,200,2025-07-07,2027-07-07
224929,224929,2024-12-14,1,100000,100,2025-12-14,2026-12-14
926626,926626,2024-07-25,4,100000,400,2025-07-25,2029-07-24
67899,67899,2024-09-27,3,100000,300,2025-09-27,2028-09-26
68879,68879,2024-01-14,2,100000,200,2025-01-13,2027-01-13
904485,904485,2024-04-09,3,100000,300,2025-04-09,2028-04-08
244300,244300,2024-12-17,3,100000,300,2025-12-17,2028-12-16
912238,912238,2024-05-29,2,100000,200,2025-05-29,2027-05-29
803685,803685,2024-06-27,1,100000,100,2025-06-27,2026-06-27
444937,444937,2024-11-20,3,100000,300,2025-11-20,2028-11-19
895959,895959,2024-06-27,1,100000,100,2025-06-27,2026-06-27
858829,858829,2024-02-16,2,100000,200,2025-02-15,2027-02-15
575348,575348,2024-01-11,2,100000,200,2025-01-10,2027-01-10
464017,464017,2024-12-28,2,100000,200,2025-12-28,2027-12-28
196830,196830,2024-03-25,3,100000,300,2025-03-25,2028-03-24
309024,309024,2024-05-30,1,100000,100,2025-05-30,2026-05-30
347382,347382,2024-07-22,3,100000,300,2025-07-22,2028-07-21
310805,310805,2024-01-14,3,100000,300,2025-01-13,2028-01-13
837524,837524,2024-08-17,1,100000,100,2025-08-17,2026-08-17
268241,268241,2024-11-27,2,100000,200,2025-11-27,2027-11-27
366138,366138,2024-08-09,3,100000,300,2025-08-09,2028-08-08
449597,449597,2024-03-08,2,100000,200,2025-03-08,2027-03-08
586918,586918,2024-11-30,2,100000,200,2025-11-30,2027-11-30
980754,980754,2024-03-31,3,100000,300,2025-03-31,2028-03-30
51663,51663,2024-03-26,1,100000,100,2025-03-26,2026-03-26
892874,892874,2024-05-12,2,100000,200,2025-05-12,2027-05-12
576799,576799,2024-11-17,2,100000,200,2025-11-17,2027-11-17
480867,480867,2024-11-13,4,100000,400,2025-11-13,2029-11-12
550671,550671,2024-01-09,3,100000,300,2025-01-08,2028-01-08
584292,584292,2024-05-09,3,100000,300,2025-05-09,2028-05-08
362132,362132,2024-08-05,3,100000,300,2025-08-05,2028-08-04
33320,33320,2024-09-24,4,100000,400,2025-09-24,2029-09-23
215538,215538,2024-04-06,3,100000,300,2025-04-06,2028-04-05
126315,126315,2024-03-23,3,100000,300,2025-03-23,2028-03-22
460374,460374,2024-12-27,3,100000,300,2025-12-27,2028-12-26
489380,489380,2024-12-29,2,100000,200,2025-12-29,2027-12-29
63225,63225,2024-04-09,1,100000,100,2025-04-09,2026-04-09
965340,965340,2024-12-07,3,100000,300,2025-12-07,2028-12-06
779636,779636,2024-04-24,3,100000,300,2025-04-24,2028-04-23
695826,695826,2024-02-23,3,100000,300,2025-02-22,2028-02-22
561881,561881,2024-05-14,1,100000,100,2025-05-14,2026-05-14
279995,279995,2024-05-10,2,100000,200,2025-05-10,2027-05-10
876145,876145,2024-11-02,1,100000,100,2025-11-02,2026-11-02
571750,571750,2024-06-18,4,100000,400,2025-06-18,2029-06-17
435459,435459,2024-07-09,2,100000,200,2025-07-09,2027-07-09
256148,256148,2024-02-18,1,100000,100,2025-02-17,2026-02-17
527944,527944,2024-10-03,2,100000,200,2025-10-03,2027-10-03
330302,330302,2024-08-22,2,100000,200,2025-08-22,2027-08-22
872560,872560,2024-10-02,2,100000,200,2025-10-02,2027-10-02
69255,69255,2024-04-10,3,100000,300,2025-04-10,2028-04-09
678876,678876,2024-07-21,2,100000,200,2025-07-21,2027-07-21
275406,275406,2024-09-24,2,100000,200,2025-09-24,2027-09-24
943252,943252,2024-12-08,3,100000,300,2025-12-08,2028-12-07
587306,587306,2024-03-18,1,100000,100,2025-03-18,2026-03-18
889146,889146,2024-09-16,2,100000,200,2025-09-16,2027-09-16
379067,379067,2024-06-12,2,100000,200,2025-06-12,2027-06-12
115772,115772,2024-08-20,3,100000,300,2025-08-20,2028-08-19
517432,517432,2024-08-30,3,100000,300,2025-08-30,2028-08-29
265974,265974,2024-12-22,3,100000,300,2025-12-22,2028-12-21
675595,675595,2024-01-25,3,100000,300,2025-01-24,2028-01-24
400808,400808,2024-09-27,2,100000,200,2025-09-27,2027-09-27
565511,565511,2024-07-28,2,100000,200,2025-07-28,2027-07-28
100076,100076,2024-04-29,3,100000,300,2025-04-29,2028-04-28
701083,701083,2024-04-19,3,100000,300,2025-04-19,2028-04-18
103661,103661,2024-06-02,1,100000,100,2025-06-02,2026-06-02
172272,172272,2024-09-17,1,100000,100,2025-09-17,2026-09-17
331228,331228,2024-11-30,1,100000,100,2025-11-30,2026-11-30
259150,259150,2024-08-05,2,100000,200,2025-08-05,2027-08-05
938627,938627,2024-10-06,1,100000,100,2025-10-06,2026-10-06
606358,606358,2024-01-13,4,100000,400,2025-01-12,2029-01-11
990307,990307,2024-10-04,1,100000,100,2025-10-04,2026-10-04
829830,829830,2024-08-30,4,100000,400,2025-08-30,2029-08-29
875278,875278,2024-06-01,2,100000,200,2025-06-01,2027-06-01
256730,256730,2024-07-15,3,100000,300,2025-07-15,2028-07-14
246896,246896,2024-04-16,3,100000,300,2025-04-16,2028-04-15
40811,40811,2024-08-01,1,100000,100,2025-08-01,2026-08-01
314675,314675,2024-10-21,3,100000,300,2025-10-21,2028-10-20
20474,20474,2024-07-27,1,100000,100,2025-07-27,2026-07-27
525061,525061,2024-01-02,1,100000,100,2025-01-01,2026-01-01
582947,582947,2024-11-15,2,100000,200,2025-11-15,2027-11-15
881795,881795,2024-10-18,2,100000,200,2025-10-18,2027-10-18
974159,974159,2024-11-22,4,100000,400,2025-11-22,2029-11-21
422759,422759,2024-09-24,2,100000,200,2025-09-24,2027-09-24
673533,673533,2024-02-10,3,100000,300,2025-02-09,2028-02-09
826661,826661,2024-08-13,3,100000,300,2025-08-13,2028-08-12
733811,733811,2024-02-01,3,100000,300,2025-01-31,2028-01-31
837316,837316,2024-08-30,1,100000,100,2025-08-30,2026-08-30
570267,570267,2024-06-20,2,100000,200,2025-06-20,2027-06-20
6299,6299,2024-03-01,3,100000,300,2025-03-01,2028-02-29
996136,996136,2024-06-12,4,100000,400,2025-06-12,2029-06-11
711525,711525,2024-05-13,4,100000,400,2025-05-13,2029-05-12
959376,959376,2024-10-05,3,100000,300,2025-10-05,2028-10-04
55071,55071,2024-06-17,4,100000,400,2025-06-17,2029-06-16
21220,21220,2024-03-22,3,100000,300,2025-03-22,2028-03-21
430194,430194,2024-04-18,1,100000,100,2025-04-18,2026-04-18
992620,992620,2024-07-05,3,100000,300,2025-07-05,2028-07-04
123552,123552,2024-09-14,1,100000,100,2025-09-14,2026-09-14
432317,432317,2024-02-24,4,100000,400,2025-02-23,2029-02-22
274637,274637,2024-08-08,2,100000,200,2025-08-08,2027-08-08
115139,115139,2024-12-14,3,100000,300,2025-12-14,2028-12-13
431447,431447,2024-12-03,2,100000,200,2025-12-03,2027-12-03
92661,92661,2024-02-20,2,100000,200,2025-02-19,2027-02-19
450103,450103,2024-08-07,3,100000,300,2025-08-07,2028-08-06
348667,348667,2024-03-05,3,100000,300,2025-03-05,2028-03-04
344475,344475,2024-06-27,3,100000,300,2025-06-27,2028-06-26
483616,483616,2024-03-22,4,100000,400,2025-03-22,2029-03-21
508946,508946,2024-01-05,2,100000,200,2025-01-04,2027-01-04
481189,481189,2024-02-24,3,100000,300,2025-02-23,2028-02-23
441452,441452,2024-11-21,2,100000,200,2025-11-21,2027-11-21
531788,531788,2024-04-08,1,100000,100,2025-04-08,2026-04-08
556419,556419,2024-02-06,3,100000,300,2025-02-05,2028-02-05
973424,973424,2024-04-26,2,100000,200,2025-04-26,2027-04-26
386543,386543,2024-06-10,3,100000,300,2025-06-10,2028-06-09
25769,25769,2024-07-30,2,100000,200,2025-07-30,2027-07-30
470129,470129,2024-01-01,1,100000,100,2024-12-31,2025-12-31
931865,931865,2024-09-26,1,100000,100,2025-09-26,2026-09-26
488470,488470,2024-08-16,1,100000,100,2025-08-16,2026-08-16
200615,200615,2024-01-03,1,100000,100,2025-01-02,2026-01-02
694207,694207,2024-04-26,2,100000,200,2025-04-26,2027-04-26
969440,969440,2024-01-19,1,100000,100,2025-01-18,2026-01-18
802842,802842,2024-04-28,3,100000,300,2025-04-28,2028-04-27
98606,98606,2024-09-22,2,100000,200,2025-09-22,2027-09-22
303098,303098,2024-04-07,2,100000,200,2025-04-07,2027-04-07
765404,765404,2024-11-04,1,100000,100,2025-11-04,2026-11-04
727933,727933,2024-10-11,2,100000,200,2025-10-11,2027-10-11
519049,519049,2024-05-21,1,100000,100,2025-05-21,2026-05-21
538357,538357,2024-08-18,2,100000,200,2025-08-18,2027-08-18
442080,442080,2024-08-18,1,100000,100,2025-08-18,2026-08-18
421034,421034,2024-12-28,3,100000,300,2025-12-28,2028-12-27
185499,185499,2024-01-02,3,100000,300,2025-01-01,2028-01-01
62037,62037,2024-06-20,3,100000,300,2025-06-20,2028-06-19
26707,26707,2024-09-04,2,100000,200,2025-09-04,2027-09-04
178229,178229,2024-07-11,2,100000,200,2025-07-11,2027-07-11
265705,265705,2024-06-15,1,100000,100,2025-06-15,2026-06-15
198494,198494,2024-09-16,3,100000,300,2025-09-16,2028-09-15
373299,373299,2024-11-13,3,100000,300,2025-11-13,2028-11-12
836406,836406,2024-12-03,2,100000,200,2025-12-03,2027-12-03
160614,160614,2024-07-29,2,100000,200,2025-07-29,2027-07-29
71973,71973,2024-06-10,2,100000,200,2025-06-10,2027-06-10
803049,803049,2024-05-27,2,100000,200,2025-05-27,2027-05-27
45679,45679,2024-09-07,3,100000,300,2025-09-07,2028-09-06
599915,599915,2024-06-02,3,100000,300,2025-06-02,2028-06-01
352278,352278,2024-02-29,2,100000,200,2025-02-28,2027-02-28
458904,458904,2024-01-17,3,100000,300,2025-01-16,2028-01-16
777380,777380,2024-07-22,1,100000,100,2025-07-22,2026-07-22
841963,841963,2024-07-03,3,100000,300,2025-07-03,2028-07-02
488709,488709,2024-06-23,3,100000,300,2025-06-23,2028-06-22
360636,360636,2024-03-13,1,100000,100,2025-03-13,2026-03-13
384369,384369,2024-12-09,2,100000,200,2025-12-09,2027-12-09
194703,194703,2024-03-21,2,100000,200,2025-03-21,2027-03-21
186263,186263,2024-05-30,2,100000,200,2025-05-30,2027-05-30
743972,743972,2024-12-17,1,100000,100,2025-12-17,2026-12-17
768295,768295,2024-04-22,1,100000,100,2025-04-22,2026-04-22
394961,394961,2024-01-01,3,100000,300,2024-12-31,2027-12-31
573358,573358,2024-03-22,2,100000,200,2025-03-22,2027-03-22
928830,928830,2024-07-02,3,100000,300,2025-07-02,2028-07-01
852652,852652,2024-09-25,3,100000,300,2025-09-25,2028-09-24
736363,736363,2024-04-02,1,100000,100,2025-04-02,2026-04-02
723093,723093,2024-09-11,1,100000,100,2025-09-11,2026-09-11
496376,496376,2024-09-13,3,100000,300,2025-09-13,2028-09-12
189081,189081,2024-05-30,3,100000,300,2025-05-30,2028-05-29
829339,829339,2024-04-07,2,100000,200,2025-04-07,2027-04-07
414039,414039,2024-07-03,2,100000,200,2025-07-03,2027-07-03
773850,773850,2024-02-01,2,100000,200,2025-01-31,2027-01-31
199528,199528,2024-01-10,2,100000,200,2025-01-09,2027-01-09
532187,532187,2024-03-13,2,100000,200,2025-03-13,2027-03-13
920814,920814,2024-09-15,4,100000,400,2025-09-15,2029-09-14
935026,935026,2024-01-02,2,100000,200,2025-01-01,2027-01-01
514450,514450,2024-09-21,2,100000,200,2025-09-21,2027-09-21
941566,941566,2024-12-06,3,100000,300,2025-12-06,2028-12-05
158993,158993,2024-12-09,3,100000,300,2025-12-09,2028-12-08
995279,995279,2024-12-10,3,100000,300,2025-12-10,2028-12-09
607357,607357,2024-09-10,1,100000,100,2025-09-10,2026-09-10
567224,567224,2024-03-09,2,100000,200,2025-03-09,2027-03-09
924645,924645,2024-07-20,3,100000,300,2025-07-20,2028-07-19
120647,120647,2024-10-19,1,100000,100,2025-10-19,2026-10-19
98151,98151,2024-11-10,2,100000,200,2025-11-10,2027-11-10
740316,740316,2024-02-13,3,100000,300,2025-02-12,2028-02-12
795487,795487,2024-05-11,2,100000,200,2025-05-11,2027-05-11
638309,638309,2024-06-02,1,100000,100,2025-06-02,2026-06-02
859619,859619,2024-10-15,3,100000,300,2025-10-15,2028-10-14
30321,30321,2024-05-07,3,100000,300,2025-05-07,2028-05-06
622550,622550,2024-10-12,3,100000,300,2025-10-12,2028-10-11
27964,27964,2024-09-12,1,100000,100,2025-09-12,2026-09-12
896188,896188,2024-08-25,3,100000,300,2025-08-25,2028-08-24
528533,528533,2024-03-28,1,100000,100,2025-03-28,2026-03-28
91198,91198,2024-04-08,3,100000,300,2025-04-08,2028-04-07
644428,644428,2024-03-26,3,100000,300,2025-03-26,2028-03-25
361513,361513,2024-06-04,3,100000,300,2025-06-04,2028-06-03
705986,705986,2024-01-11,3,100000,300,2025-01-10,2028-01-10
735053,735053,2024-10-15,3,100000,300,2025-10-15,2028-10-14
15921,15921,2024-11-03,3,100000,300,2025-11-03,2028-11-02
871824,871824,2024-07-23,3,100000,300,2025-07-23,2028-07-22
346149,346149,2024-02-08,1,100000,100,2025-02-07,2026-02-07
597099,597099,2024-06-14,2,100000,200,2025-06-14,2027-06-14
306874,306874,2024-04-14,4,100000,400,2025-04-14,2029-04-13
909953,909953,2024-10-31,2,100000,200,2025-10-31,2027-10-31
950087,950087,2024-07-24,3,100000,300,2025-07-24,2028-07-23
759041,759041,2024-12-18,3,100000,300,2025-12-18,2028-12-17
462526,462526,2024-07-16,3,100000,300,2025-07-16,2028-07-15
662245,662245,2024-11-11,1,100000,100,2025-11-11,2026-11-11
696213,696213,2024-11-18,1,100000,100,2025-11-18,2026-11-18
141888,141888,2024-04-21,1,100000,100,2025-04-21,2026-04-21
604825,604825,2024-09-05,4,100000,400,2025-09-05,2029-09-04
584243,584243,2024-04-06,3,100000,300,2025-04-06,2028-04-05
143249,143249,2024-10-25,3,100000,300,2025-10-25,2028-10-24
455702,455702,2024-05-24,2,100000,200,2025-05-24,2027-05-24
122339,122339,2024-07-31,1,100000,100,2025-07-31,2026-07-31
716009,716009,2024-05-29,3,100000,300,2025-05-29,2028-05-28
653637,653637,2024-04-15,1,100000,100,2025-04-15,2026-04-15
358748,358748,2024-09-15,3,100000,300,2025-09-15,2028-09-14
974039,974039,2024-02-01,4,100000,400,2025-01-31,2029-01-30
321780,321780,2024-01-07,1,100000,100,2025-01-06,2026-01-06
540479,540479,2024-08-19,3,100000,300,2025-08-19,2028-08-18
751997,751997,2024-10-15,2,100000,200,2025-10-15,2027-10-15
183569,183569,2024-10-25,2,100000,200,2025-10-25,2027-10-25
749754,749754,2024-02-13,3,100000,300,2025-02-12,2028-02-12
568229,568229,2024-03-30,2,100000,200,2025-03-30,2027-03-30
119620,119620,2024-10-19,2,100000,200,2025-10-19,2027-10-19
861635,861635,2024-04-24,3,100000,300,2025-04-24,2028-04-23
780382,780382,2024-01-12,2,100000,200,2025-01-11,2027-01-11
252027,252027,2024-05-05,1,100000,100,2025-05-05,2026-05-05
394958,394958,2024-02-08,3,100000,300,2025-02-07,2028-02-07
542973,542973,2024-11-03,4,100000,400,2025-11-03,2029-11-02
648862,648862,2024-04-08,3,100000,300,2025-04-08,2028-04-07
298013,298013,2024-08-02,3,100000,300,2025-08-02,2028-08-01
285676,285676,2024-12-19,2,100000,200,2025-12-19,2027-12-19
961339,961339,2024-01-01,1,100000,100,2024-12-31,2025-12-31
432372,432372,2024-03-28,3,100000,300,2025-03-28,2028-03-27
307799,307799,2024-05-02,3,100000,300,2025-05-02,2028-05-01
373281,373281,2024-03-18,3,100000,300,2025-03-18,2028-03-17
648369,648369,2024-01-23,1,100000,100,2025-01-22,2026-01-22
49624,49624,2024-12-09,1,100000,100,2025-12-09,2026-12-09
330567,330567,2024-10-12,2,100000,200,2025-10-12,2027-10-12
580404,580404,2024-05-25,2,100000,200,2025-05-25,2027-05-25
148485,148485,2024-01-22,3,100000,300,2025-01-21,2028-01-21
696240,696240,2024-10-12,1,100000,100,2025-10-12,2026-10-12
489114,489114,2024-09-21,3,100000,300,2025-09-21,2028-09-20
964939,964939,2024-08-11,2,100000,200,2025-08-11,2027-08-11
352952,352952,2024-03-03,3,100000,300,2025-03-03,2028-03-02
214218,214218,2024-02-10,3,100000,300,2025-02-09,2028-02-09
43275,43275,2024-08-28,4,100000,400,2025-08-28,2029-08-27
762640,762640,2024-11-19,1,100000,100,2025-11-19,2026-11-19
480990,480990,2024-09-01,2,100000,200,2025-09-01,2027-09-01
125146,125146,2024-02-19,1,100000,100,2025-02-18,2026-02-18
655617,655617,2024-06-02,2,100000,200,2025-06-02,2027-06-02
522841,522841,2024-01-18,2,100000,200,2025-01-17,2027-01-17
696591,696591,2024-08-07,3,100000,300,2025-08-07,2028-08-06
113388,113388,2024-05-24,3,100000,300,2025-05-24,2028-05-23
590300,590300,2024-10-31,1,100000,100,2025-10-31,2026-10-31
696608,696608,2024-06-06,1,100000,100,2025-06-06,2026-06-06
592288,592288,2024-03-03,3,100000,300,2025-03-03,2028-03-02
340742,340742,2024-07-05,1,100000,100,2025-07-05,2026-07-05
184781,184781,2024-01-06,2,100000,200,2025-01-05,2027-01-05
723571,723571,2024-11-29,2,100000,200,2025-11-29,2027-11-29
698253,698253,2024-05-15,3,100000,300,2025-05-15,2028-05-14
948561,948561,2024-07-27,1,100000,100,2025-07-27,2026-07-27
487425,487425,2024-07-26,1,100000,100,2025-07-26,2026-07-26
326076,326076,2024-04-30,2,100000,200,2025-04-30,2027-04-30
778660,778660,2024-08-21,3,100000,300,2025-08-21,2028-08-20
661040,661040,2024-12-03,3,100000,300,2025-12-03,2028-12-02
684661,684661,2024-07-21,3,100000,300,2025-07-21,2028-07-20
13374,13374,2024-09-16,3,100000,300,2025-09-16,2028-09-15
995316,995316,2024-01-23,3,100000,300,2025-01-22,2028-01-22
259362,259362,2024-12-07,2,100000,200,2025-12-07,2027-12-07
737971,737971,2024-10-14,3,100000,300,2025-10-14,2028-10-13
708092,708092,2024-12-15,3,100000,300,2025-12-15,2028-12-14
490878,490878,2024-01-28,3,100000,300,2025-01-27,2028-01-27
466440,466440,2024-12-06,3,100000,300,2025-12-06,2028-12-05
944952,944952,2024-01-22,2,100000,200,2025-01-21,2027-01-21
719757,719757,2024-11-30,3,100000,300,2025-11-30,2028-11-29
134217,134217,2024-08-11,1,100000,100,2025-08-11,2026-08-11
145155,145155,2024-07-11,2,100000,200,2025-07-11,2027-07-11
527357,527357,2024-03-28,2,100000,200,2025-03-28,2027-03-28
652556,652556,2024-02-17,4,100000,400,2025-02-16,2029-02-15
792578,792578,2024-07-12,4,100000,400,2025-07-12,2029-07-11
965855,965855,2024-03-27,1,100000,100,2025-03-27,2026-03-27
304683,304683,2024-08-12,1,100000,100,2025-08-12,2026-08-12
902073,902073,2024-04-14,3,100000,300,2025-04-14,2028-04-13
602845,602845,2024-03-17,3,100000,300,2025-03-17,2028-03-16
813897,813897,2024-06-23,3,100000,300,2025-06-23,2028-06-22
728236,728236,2024-09-26,1,100000,100,2025-09-26,2026-09-26
630162,630162,2024-09-12,2,100000,200,2025-09-12,2027-09-12
789556,789556,2024-05-21,1,100000,100,2025-05-21,2026-05-21
762142,762142,2024-05-31,3,100000,300,2025-05-31,2028-05-30
602328,602328,2024-11-14,2,100000,200,2025-11-14,2027-11-14
858788,858788,2024-03-15,3,100000,300,2025-03-15,2028-03-14
385484,385484,2024-03-01,3,100000,300,2025-03-01,2028-02-29
474812,474812,2024-03-04,3,100000,300,2025-03-04,2028-03-03
550034,550034,2024-02-15,2,100000,200,2025-02-14,2027-02-14
573559,573559,2024-04-23,4,100000,400,2025-04-23,2029-04-22
329039,329039,2024-10-08,3,100000,300,2025-10-08,2028-10-07
642789,642789,2024-03-14,3,100000,300,2025-03-14,2028-03-13
576650,576650,2024-06-21,2,100000,200,2025-06-21,2027-06-21
578366,578366,2024-08-24,2,100000,200,2025-08-24,2027-08-24
857349,857349,2024-04-18,2,100000,200,2025-04-18,2027-04-18
284922,284922,2024-03-29,2,100000,200,2025-03-29,2027-03-29
13997,13997,2024-11-25,4,100000,400,2025-11-25,2029-11-24
501170,501170,2024-03-02,3,100000,300,2025-03-02,2028-03-01
18043,18043,2024-05-07,2,100000,200,2025-05-07,2027-05-07
292259,292259,2024-10-25,3,100000,300,2025-10-25,2028-10-24
3919,3919,2024-11-16,3,100000,300,2025-11-16,2028-11-15
14063,14063,2024-07-06,3,100000,300,2025-07-06,2028-07-05
817045,817045,2024-03-12,2,100000,200,2025-03-12,2027-03-12
809182,809182,2024-03-06,3,100000,300,2025-03-06,2028-03-05
403045,403045,2024-07-06,4,100000,400,2025-07-06,2029-07-05
627981,627981,2024-01-10,1,100000,100,2025-01-09,2026-01-09
384263,384263,2024-04-17,2,100000,200,2025-04-17,2027-04-17
249055,249055,2024-02-15,2,100000,200,2025-02-14,2027-02-14
67299,67299,2024-07-15,3,100000,300,2025-07-15,2028-07-14
339779,339779,2024-09-16,4,100000,400,2025-09-16,2029-09-15
853199,853199,2024-04-07,3,100000,300,2025-04-07,2028-04-06
171974,171974,2024-01-08,4,100000,400,2025-01-07,2029-01-06
330757,330757,2024-12-27,2,100000,200,2025-12-27,2027-12-27
313680,313680,2024-03-18,3,100000,300,2025-03-18,2028-03-17
81096,81096,2024-11-26,3,100000,300,2025-11-26,2028-11-25
82749,82749,2024-09-07,2,100000,200,2025-09-07,2027-09-07
139687,139687,2024-11-27,1,100000,100,2025-11-27,2026-11-27
489620,489620,2024-11-19,3,100000,300,2025-11-19,2028-11-18
506532,506532,2024-07-11,2,100000,200,2025-07-11,2027-07-11
358724,358724,2024-12-04,3,100000,300,2025-12-04,2028-12-03
779455,779455,2024-12-06,2,100000,200,2025-12-06,2027-12-06
633778,633778,2024-08-14,1,100000,100,2025-08-14,2026-08-14
183514,183514,2024-01-01,3,100000,300,2024-12-31,2027-12-31
33225,33225,2024-03-09,3,100000,300,2025-03-09,2028-03-08
567096,567096,2024-10-31,4,100000,400,2025-10-31,2029-10-30
819654,819654,2024-06-08,3,100000,300,2025-06-08,2028-06-07
653120,653120,2024-07-01,3,100000,300,2025-07-01,2028-06-30
182396,182396,2024-09-04,2,100000,200,2025-09-04,2027-09-04
52403,52403,2024-01-08,3,100000,300,2025-01-07,2028-01-07
605878,605878,2024-07-16,1,100000,100,2025-07-16,2026-07-16
505603,505603,2024-11-22,1,100000,100,2025-11-22,2026-11-22
127889,127889,2024-02-19,3,100000,300,2025-02-18,2028-02-18
84895,84895,2024-08-19,2,100000,200,2025-08-19,2027-08-19
58836,58836,2024-07-24,2,100000,200,2025-07-24,2027-07-24
510617,510617,2024-08-19,3,100000,300,2025-08-19,2028-08-18
217161,217161,2024-03-04,4,100000,400,2025-03-04,2029-03-03
751172,751172,2024-05-23,2,100000,200,2025-05-23,2027-05-23
793422,793422,2024-04-25,2,100000,200,2025-04-25,2027-04-25
742365,742365,2024-03-31,2,100000,200,2025-03-31,2027-03-31
423384,423384,2024-02-18,1,100000,100,2025-02-17,2026-02-17
408081,408081,2024-03-31,3,100000,300,2025-03-31,2028-03-30
151112,151112,2024-03-09,3,100000,300,2025-03-09,2028-03-08
337358,337358,2024-10-19,2,100000,200,2025-10-19,2027-10-19
512477,512477,2024-02-11,3,100000,300,2025-02-10,2028-02-10
273908,273908,2024-02-09,1,100000,100,2025-02-08,2026-02-08
173547,173547,2024-09-27,4,100000,400,2025-09-27,2029-09-26
763199,763199,2024-04-15,2,100000,200,2025-04-15,2027-04-15
474534,474534,2024-10-12,3,100000,300,2025-10-12,2028-10-11
96437,96437,2024-03-02,3,100000,300,2025-03-02,2028-03-01
456079,456079,2024-02-04,2,100000,200,2025-02-03,2027-02-03
547704,547704,2024-02-28,3,100000,300,2025-02-27,2028-02-27
138802,138802,2024-12-25,3,100000,300,2025-12-25,2028-12-24
198506,198506,2024-03-05,4,100000,400,2025-03-05,2029-03-04
387673,387673,2024-04-18,3,100000,300,2025-04-18,2028-04-17
939606,939606,2024-08-29,3,100000,300,2025-08-29,2028-08-28
234037,234037,2024-06-12,3,100000,300,2025-06-12,2028-06-11
785556,785556,2024-04-18,2,100000,200,2025-04-18,2027-04-18
254293,254293,2024-05-08,4,100000,400,2025-05-08,2029-05-07
780365,780365,2024-03-19,2,100000,200,2025-03-19,2027-03-19
363264,363264,2024-02-16,2,100000,200,2025-02-15,2027-02-15
136060,136060,2024-07-27,1,100000,100,2025-07-27,2026-07-27
51565,51565,2024-12-12,2,100000,200,2025-12-12,2027-12-12
8718,8718,2024-03-17,3,100000,300,2025-03-17,2028-03-16
835420,835420,2024-02-19,4,100000,400,2025-02-18,2029-02-17
771750,771750,2024-06-28,2,100000,200,2025-06-28,2027-06-28
778959,778959,2024-05-11,1,100000,100,2025-05-11,2026-05-11
864373,864373,2024-02-25,2,100000,200,2025-02-24,2027-02-24
86460,86460,2024-02-03,4,100000,400,2025-02-02,2029-02-01
257327,257327,2024-12-19,4,100000,400,2025-12-19,2029-12-18
130278,130278,2024-08-18,3,100000,300,2025-08-18,2028-08-17
947557,947557,2024-01-27,2,100000,200,2025-01-26,2027-01-26
182432,182432,2024-10-22,3,100000,300,2025-10-22,2028-10-21
92377,92377,2024-05-07,3,100000,300,2025-05-07,2028-05-06
971066,971066,2024-11-09,1,100000,100,2025-11-09,2026-11-09
393609,393609,2024-05-03,2,100000,200,2025-05-03,2027-05-03
105759,105759,2024-11-22,2,100000,200,2025-11-22,2027-11-22
494035,494035,2024-08-23,2,100000,200,2025-08-23,2027-08-23
287575,287575,2024-05-13,3,100000,300,2025-05-13,2028-05-12
920624,920624,2024-09-05,3,100000,300,2025-09-05,2028-09-04
116593,116593,2024-08-06,2,100000,200,2025-08-06,2027-08-06
924239,924239,2024-06-21,2,100000,200,2025-06-21,2027-06-21
305341,305341,2024-09-20,2,100000,200,2025-09-20,2027-09-20
57394,57394,2024-11-12,2,100000,200,2025-11-12,2027-11-12
467428,467428,2024-04-20,2,100000,200,2025-04-20,2027-04-20
752404,752404,2024-08-13,2,100000,200,2025-08-13,2027-08-13
999561,999561,2024-04-29,1,100000,100,2025-04-29,2026-04-29
340826,340826,2024-09-24,2,100000,200,2025-09-24,2027-09-24
37916,37916,2024-09-09,3,100000,300,2025-09-09,2028-09-08
681606,681606,2024-09-09,3,100000,300,2025-09-09,2028-09-08
585985,585985,2024-04-03,3,100000,300,2025-04-03,2028-04-02
918231,918231,2024-02-16,3,100000,300,2025-02-15,2028-02-15
806085,806085,2024-09-29,4,100000,400,2025-09-29,2029-09-28
717037,717037,2024-07-29,4,100000,400,2025-07-29,2029-07-28
649113,649113,2024-08-18,1,100000,100,2025-08-18,2026-08-18
455035,455035,2024-07-04,3,100000,300,2025-07-04,2028-07-03
166474,166474,2024-09-28,2,100000,200,2025-09-28,2027-09-28
646513,646513,2024-02-28,3,100000,300,2025-02-27,2028-02-27
337831,337831,2024-12-03,1,100000,100,2025-12-03,2026-12-03
30376,30376,2024-07-01,3,100000,300,2025-07-01,2028-06-30
64291,64291,2024-11-27,1,100000,100,2025-11-27,2026-11-27
405716,405716,2024-08-19,1,100000,100,2025-08-19,2026-08-19
139428,139428,2024-02-15,1,100000,100,2025-02-14,2026-02-14
507443,507443,2024-01-02,4,100000,400,2025-01-01,2028-12-31
132694,132694,2024-10-03,3,100000,300,2025-10-03,2028-10-02
936792,936792,2024-07-10,3,100000,300,2025-07-10,2028-07-09
513269,513269,2024-04-21,1,100000,100,2025-04-21,2026-04-21
742337,742337,2024-05-02,2,100000,200,2025-05-02,2027-05-02
721136,721136,2024-09-15,3,100000,300,2025-09-15,2028-09-14
751314,751314,2024-09-04,3,100000,300,2025-09-04,2028-09-03
166878,166878,2024-05-23,3,100000,300,2025-05-23,2028-05-22
23286,23286,2024-08-29,3,100000,300,2025-08-29,2028-08-28
510045,510045,2024-11-03,3,100000,300,2025-11-03,2028-11-02
253944,253944,2024-03-27,3,100000,300,2025-03-27,2028-03-26
903554,903554,2024-08-07,3,100000,300,2025-08-07,2028-08-06
166605,166605,2024-03-28,2,100000,200,2025-03-28,2027-03-28
158684,158684,2024-04-02,2,100000,200,2025-04-02,2027-04-02
395979,395979,2024-02-04,3,100000,300,2025-02-03,2028-02-03
9955,9955,2024-10-02,1,100000,100,2025-10-02,2026-10-02
855215,855215,2024-11-08,2,100000,200,2025-11-08,2027-11-08
630092,630092,2024-06-29,4,100000,400,2025-06-29,2029-06-28
761264,761264,2024-09-18,4,100000,400,2025-09-18,2029-09-17
108150,108150,2024-01-24,2,100000,200,2025-01-23,2027-01-23
349139,349139,2024-08-10,1,100000,100,2025-08-10,2026-08-10
987781,987781,2024-12-18,3,100000,300,2025-12-18,2028-12-17
804755,804755,2024-11-18,2,100000,200,2025-11-18,2027-11-18
332469,332469,2024-07-01,1,100000,100,2025-07-01,2026-07-01
629265,629265,2024-01-24,1,100000,100,2025-01-23,2026-01-23
566364,566364,2024-07-18,3,100000,300,2025-07-18,2028-07-17
577930,577930,2024-06-27,2,100000,200,2025-06-27,2027-06-27
1711,1711,2024-06-07,1,100000,100,2025-06-07,2026-06-07
499235,499235,2024-09-13,3,100000,300,2025-09-13,2028-09-12
43755,43755,2024-04-27,2,100000,200,2025-04-27,2027-04-27
738691,738691,2024-10-09,2,100000,200,2025-10-09,2027-10-09
521181,521181,2024-03-26,2,100000,200,2025-03-26,2027-03-26
906539,906539,2024-11-04,2,100000,200,2025-11-04,2027-11-04
988205,988205,2024-10-07,3,100000,300,2025-10-07,2028-10-06
671355,671355,2024-11-03,3,100000,300,2025-11-03,2028-11-02
964598,964598,2024-05-23,4,100000,400,2025-05-23,2029-05-22
917989,917989,2024-08-31,3,100000,300,2025-08-31,2028-08-30
370959,370959,2024-09-23,3,100000,300,2025-09-23,2028-09-22
277801,277801,2024-08-05,2,100000,200,2025-08-05,2027-08-05
775109,775109,2024-11-27,4,100000,400,2025-11-27,2029-11-26
133718,133718,2024-07-14,3,100000,300,2025-07-14,2028-07-13
3727,3727,2024-09-15,1,100000,100,2025-09-15,2026-09-15
107757,107757,2024-11-26,3,100000,300,2025-11-26,2028-11-25
804835,804835,2024-02-18,3,100000,300,2025-02-17,2028-02-17
329182,329182,2024-03-06,3,100000,300,2025-03-06,2028-03-05
934075,934075,2024-02-20,3,100000,300,2025-02-19,2028-02-19
510677,510677,2024-02-20,1,100000,100,2025-02-19,2026-02-19
949429,949429,2024-10-03,4,100000,400,2025-10-03,2029-10-02
204140,204140,2024-12-04,3,100000,300,2025-12-04,2028-12-03
185914,185914,2024-03-11,3,100000,300,2025-03-11,2028-03-10
942742,942742,2024-05-14,4,100000,400,2025-05-14,2029-05-13
892519,892519,2024-06-05,4,100000,400,2025-06-05,2029-06-04
324915,324915,2024-04-19,3,100000,300,2025-04-19,2028-04-18
840746,840746,2024-07-04,1,100000,100,2025-07-04,2026-07-04
583341,583341,2024-04-27,2,100000,200,2025-04-27,2027-04-27
245762,245762,2024-04-18,3,100000,300,2025-04-18,2028-04-17
863831,863831,2024-04-10,4,100000,400,2025-04-10,2029-04-09
241722,241722,2024-01-13,2,100000,200,2025-01-12,2027-01-12
590348,590348,2024-11-28,2,100000,200,2025-11-28,2027-11-28
542039,542039,2024-01-07,1,100000,100,2025-01-06,2026-01-06
980220,980220,2024-01-04,3,100000,300,2025-01-03,2028-01-03
200079,200079,2024-11-13,1,100000,100,2025-11-13,2026-11-13
67080,67080,2024-11-03,3,100000,300,2025-11-03,2028-11-02
630215,630215,2024-05-12,3,100000,300,2025-05-12,2028-05-11
651873,651873,2024-04-22,3,100000,300,2025-04-22,2028-04-21
171563,171563,2024-10-02,3,100000,300,2025-10-02,2028-10-01
606024,606024,2024-04-22,1,100000,100,2025-04-22,2026-04-22
446194,446194,2024-03-18,1,100000,100,2025-03-18,2026-03-18
31481,31481,2024-05-21,3,100000,300,2025-05-21,2028-05-20
14931,14931,2024-12-12,1,100000,100,2025-12-12,2026-12-12
913466,913466,2024-11-02,1,100000,100,2025-11-02,2026-11-02
940969,940969,2024-10-02,1,100000,100,2025-10-02,2026-10-02
337638,337638,2024-11-06,1,100000,100,2025-11-06,2026-11-06
23674,23674,2024-08-17,4,100000,400,2025-08-17,2029-08-16
720398,720398,2024-11-14,1,100000,100,2025-11-14,2026-11-14
60541,60541,2024-03-04,3,100000,300,2025-03-04,2028-03-03
422426,422426,2024-05-14,3,100000,300,2025-05-14,2028-05-13
178035,178035,2024-12-13,3,100000,300,2025-12-13,2028-12-12
318065,318065,2024-04-27,3,100000,300,2025-04-27,2028-04-26
960457,960457,2024-11-30,3,100000,300,2025-11-30,2028-11-29
597280,597280,2024-06-01,2,100000,200,2025-06-01,2027-06-01
240652,240652,2024-07-07,3,100000,300,2025-07-07,2028-07-06
860509,860509,2024-11-27,2,100000,200,2025-11-27,2027-11-27
10465,10465,2024-11-25,1,100000,100,2025-11-25,2026-11-25
880165,880165,2024-05-12,2,100000,200,2025-05-12,2027-05-12
250557,250557,2024-09-05,3,100000,300,2025-09-05,2028-09-04
324044,324044,2024-08-06,3,100000,300,2025-08-06,2028-08-05
399197,399197,2024-10-22,1,100000,100,2025-10-22,2026-10-22
196808,196808,2024-04-04,4,100000,400,2025-04-04,2029-04-03
221877,221877,2024-06-29,2,100000,200,2025-06-29,2027-06-29
660824,660824,2024-07-10,4,100000,400,2025-07-10,2029-07-09
452448,452448,2024-05-18,3,100000,300,2025-05-18,2028-05-17
90152,90152,2024-09-14,4,100000,400,2025-09-14,2029-09-13
144139,144139,2024-07-07,4,100000,400,2025-07-07,2029-07-06
979593,979593,2024-04-10,2,100000,200,2025-04-10,2027-04-10
870290,870290,2024-09-02,3,100000,300,2025-09-02,2028-09-01
842883,842883,2024-10-16,2,100000,200,2025-10-16,2027-10-16
114136,114136,2024-11-06,2,100000,200,2025-11-06,2027-11-06
52414,52414,2024-08-03,3,100000,300,2025-08-03,2028-08-02
904744,904744,2024-06-21,2,100000,200,2025-06-21,2027-06-21
407528,407528,2024-05-28,3,100000,300,2025-05-28,2028-05-27
782232,782232,2024-03-19,3,100000,300,2025-03-19,2028-03-18
622143,622143,2024-03-18,1,100000,100,2025-03-18,2026-03-18
12974,12974,2024-04-12,2,100000,200,2025-04-12,2027-04-12
877531,877531,2024-06-21,2,100000,200,2025-06-21,2027-06-21
272356,272356,2024-10-13,3,100000,300,2025-10-13,2028-10-12
113373,113373,2024-08-10,1,100000,100,2025-08-10,2026-08-10
122582,122582,2024-09-27,2,100000,200,2025-09-27,2027-09-27
812445,812445,2024-04-01,2,100000,200,2025-04-01,2027-04-01
860003,860003,2024-07-11,2,100000,200,2025-07-11,2027-07-11
943203,943203,2024-04-26,3,100000,300,2025-04-26,2028-04-25
167490,167490,2024-07-09,1,100000,100,2025-07-09,2026-07-09
961315,961315,2024-07-29,4,100000,400,2025-07-29,2029-07-28
647360,647360,2024-05-01,4,100000,400,2025-05-01,2029-04-30
931205,931205,2024-09-15,2,100000,200,2025-09-15,2027-09-15
23683,23683,2024-09-04,3,100000,300,2025-09-04,2028-09-03
848534,848534,2024-03-20,4,100000,400,2025-03-20,2029-03-19
751502,751502,2024-03-07,3,100000,300,2025-03-07,2028-03-06
481860,481860,2024-05-27,3,100000,300,2025-05-27,2028-05-26
23952,23952,2024-06-18,3,100000,300,2025-06-18,2028-06-17
378209,378209,2024-06-14,3,100000,300,2025-06-14,2028-06-13
868698,868698,2024-11-09,3,100000,300,2025-11-09,2028-11-08
546942,546942,2024-12-17,2,100000,200,2025-12-17,2027-12-17
901729,901729,2024-10-14,1,100000,100,2025-10-14,2026-10-14
321779,321779,2024-12-02,2,100000,200,2025-12-02,2027-12-02
971149,971149,2024-01-18,1,100000,100,2025-01-17,2026-01-17
61677,61677,2024-01-18,2,100000,200,2025-01-17,2027-01-17
169483,169483,2024-04-20,2,100000,200,2025-04-20,2027-04-20
674943,674943,2024-05-11,3,100000,300,2025-05-11,2028-05-10
416509,416509,2024-01-09,3,100000,300,2025-01-08,2028-01-08
712239,712239,2024-10-21,3,100000,300,2025-10-21,2028-10-20
92084,92084,2024-05-05,3,100000,300,2025-05-05,2028-05-04
113068,113068,2024-01-07,2,100000,200,2025-01-06,2027-01-06
960561,960561,2024-08-12,2,100000,200,2025-08-12,2027-08-12
168064,168064,2024-05-27,2,100000,200,2025-05-27,2027-05-27
18093,18093,2024-10-02,1,100000,100,2025-10-02,2026-10-02
868206,868206,2024-10-02,4,100000,400,2025-10-02,2029-10-01
980295,980295,2024-02-14,1,100000,100,2025-02-13,2026-02-13
865261,865261,2024-07-25,3,100000,300,2025-07-25,2028-07-24
396639,396639,2024-11-21,1,100000,100,2025-11-21,2026-11-21
293541,293541,2024-05-24,2,100000,200,2025-05-24,2027-05-24
96512,96512,2024-08-30,2,100000,200,2025-08-30,2027-08-30
131553,131553,2024-06-04,3,100000,300,2025-06-04,2028-06-03
678827,678827,2024-10-08,3,100000,300,2025-10-08,2028-10-07
313600,313600,2024-01-02,1,100000,100,2025-01-01,2026-01-01
853785,853785,2024-12-21,4,100000,400,2025-12-21,2029-12-20
155553,155553,2024-06-03,3,100000,300,2025-06-03,2028-06-02
672359,672359,2024-04-21,2,100000,200,2025-04-21,2027-04-21
661483,661483,2024-09-20,2,100000,200,2025-09-20,2027-09-20
173512,173512,2024-11-28,3,100000,300,2025-11-28,2028-11-27
993153,993153,2024-07-24,2,100000,200,2025-07-24,2027-07-24
817323,817323,2024-11-30,3,100000,300,2025-11-30,2028-11-29
74397,74397,2024-11-24,3,100000,300,2025-11-24,2028-11-23
33381,33381,2024-05-28,1,100000,100,2025-05-28,2026-05-28
131915,131915,2024-11-16,3,100000,300,2025-11-16,2028-11-15
921166,921166,2024-06-22,4,100000,400,2025-06-22,2029-06-21
191116,191116,2024-12-17,4,100000,400,2025-12-17,2029-12-16
169123,169123,2024-03-24,2,100000,200,2025-03-24,2027-03-24
58471,58471,2024-11-07,1,100000,100,2025-11-07,2026-11-07
164672,164672,2024-03-24,1,100000,100,2025-03-24,2026-03-24
407892,407892,2024-02-25,2,100000,200,2025-02-24,2027-02-24
224871,224871,2024-08-06,2,100000,200,2025-08-06,2027-08-06
715677,715677,2024-10-29,2,100000,200,2025-10-29,2027-10-29
179130,179130,2024-02-29,2,100000,200,2025-02-28,2027-02-28
390434,390434,2024-07-19,1,100000,100,2025-07-19,2026-07-19
4417,4417,2024-01-31,2,100000,200,2025-01-30,2027-01-30
250210,250210,2024-11-20,3,100000,300,2025-11-20,2028-11-19
332271,332271,2024-10-10,3,100000,300,2025-10-10,2028-10-09
476291,476291,2024-06-27,2,100000,200,2025-06-27,2027-06-27
863785,863785,2024-03-22,2,100000,200,2025-03-22,2027-03-22
982816,982816,2024-09-24,2,100000,200,2025-09-24,2027-09-24
590888,590888,2024-06-15,1,100000,100,2025-06-15,2026-06-15
532311,532311,2024-09-05,1,100000,100,2025-09-05,2026-09-05
160878,160878,2024-03-11,3,100000,300,2025-03-11,2028-03-10
203287,203287,2024-11-19,3,100000,300,2025-11-19,2028-11-18
489241,489241,2024-12-30,2,100000,200,2025-12-30,2027-12-30
186090,186090,2024-08-09,3,100000,300,2025-08-09,2028-08-08
807089,807089,2024-12-13,3,100000,300,2025-12-13,2028-12-12
977289,977289,2024-07-07,1,100000,100,2025-07-07,2026-07-07
16248,16248,2024-09-02,3,100000,300,2025-09-02,2028-09-01
947798,947798,2024-02-21,2,100000,200,2025-02-20,2027-02-20
799218,799218,2024-03-09,2,100000,200,2025-03-09,2027-03-09
12285,12285,2024-04-02,2,100000,200,2025-04-02,2027-04-02
148418,148418,2024-10-31,2,100000,200,2025-10-31,2027-10-31
547780,547780,2024-06-12,3,100000,300,2025-06-12,2028-06-11
740547,740547,2024-05-07,1,100000,100,2025-05-07,2026-05-07
977553,977553,2024-11-20,2,100000,200,2025-11-20,2027-11-20
507951,507951,2024-11-30,3,100000,300,2025-11-30,2028-11-29
689412,689412,2024-05-04,2,100000,200,2025-05-04,2027-05-04
311168,311168,2024-02-05,4,100000,400,2025-02-04,2029-02-03
615316,615316,2024-11-21,3,100000,300,2025-11-21,2028-11-20
625493,625493,2024-11-16,3,100000,300,2025-11-16,2028-11-15
913276,913276,2024-08-02,3,100000,300,2025-08-02,2028-08-01
575895,575895,2024-11-19,3,100000,300,2025-11-19,2028-11-18
194277,194277,2024-08-29,3,100000,300,2025-08-29,2028-08-28
173033,173033,2024-05-28,1,100000,100,2025-05-28,2026-05-28
398058,398058,2024-03-27,1,100000,100,2025-03-27,2026-03-27
804525,804525,2024-10-13,1,100000,100,2025-10-13,2026-10-13
512406,512406,2024-06-29,3,100000,300,2025-06-29,2028-06-28
765525,765525,2024-05-21,1,100000,100,2025-05-21,2026-05-21
334866,334866,2024-05-27,2,100000,200,2025-05-27,2027-05-27
381824,381824,2024-07-08,1,100000,100,2025-07-08,2026-07-08
311454,311454,2024-12-07,3,100000,300,2025-12-07,2028-12-06
340737,340737,2024-11-23,3,100000,300,2025-11-23,2028-11-22
259313,259313,2024-08-18,2,100000,200,2025-08-18,2027-08-18
386319,386319,2024-02-21,2,100000,200,2025-02-20,2027-02-20
21426,21426,2024-05-19,3,100000,300,2025-05-19,2028-05-18
328674,328674,2024-09-21,3,100000,300,2025-09-21,2028-09-20
931748,931748,2024-06-23,1,100000,100,2025-06-23,2026-06-23
964907,964907,2024-08-26,4,100000,400,2025-08-26,2029-08-25
631382,631382,2024-07-11,1,100000,100,2025-07-11,2026-07-11
460438,460438,2024-12-17,1,100000,100,2025-12-17,2026-12-17
181147,181147,2024-04-09,3,100000,300,2025-04-09,2028-04-08
73341,73341,2024-01-30,3,100000,300,2025-01-29,2028-01-29
379912,379912,2024-07-01,3,100000,300,2025-07-01,2028-06-30
311893,311893,2024-02-28,3,100000,300,2025-02-27,2028-02-27
300349,300349,2024-10-19,2,100000,200,2025-10-19,2027-10-19
695225,695225,2024-03-03,3,100000,300,2025-03-03,2028-03-02
999030,999030,2024-12-08,3,100000,300,2025-12-08,2028-12-07
202052,202052,2024-04-08,2,100000,200,2025-04-08,2027-04-08
686066,686066,2024-09-18,3,100000,300,2025-09-18,2028-09-17
757599,757599,2024-09-17,3,100000,300,2025-09-17,2028-09-16
802211,802211,2024-03-22,3,100000,300,2025-03-22,2028-03-21
852975,852975,2024-01-16,3,100000,300,2025-01-15,2028-01-15
416778,416778,2024-07-08,2,100000,200,2025-07-08,2027-07-08
821317,821317,2024-03-03,4,100000,400,2025-03-03,2029-03-02
144346,144346,2024-07-13,1,100000,100,2025-07-13,2026-07-13
875800,875800,2024-03-10,3,100000,300,2025-03-10,2028-03-09
509246,509246,2024-10-01,3,100000,300,2025-10-01,2028-09-30
602960,602960,2024-05-10,3,100000,300,2025-05-10,2028-05-09
126000,126000,2024-06-17,2,100000,200,2025-06-17,2027-06-17
251186,251186,2024-04-09,2,100000,200,2025-04-09,2027-04-09
974747,974747,2024-05-17,1,100000,100,2025-05-17,2026-05-17
312460,312460,2024-03-25,4,100000,400,2025-03-25,2029-03-24
323915,323915,2024-03-27,3,100000,300,2025-03-27,2028-03-26
765187,765187,2024-06-11,3,100000,300,2025-06-11,2028-06-10
327738,327738,2024-07-05,3,100000,300,2025-07-05,2028-07-04
602682,602682,2024-02-07,1,100000,100,2025-02-06,2026-02-06
784383,784383,2024-08-31,3,100000,300,2025-08-31,2028-08-30
16081,16081,2024-02-13,3,100000,300,2025-02-12,2028-02-12
730354,730354,2024-04-07,3,100000,300,2025-04-07,2028-04-06
949855,949855,2024-03-19,1,100000,100,2025-03-19,2026-03-19
73226,73226,2024-04-11,2,100000,200,2025-04-11,2027-04-11
244782,244782,2024-09-16,4,100000,400,2025-09-16,2029-09-15
945334,945334,2024-03-28,3,100000,300,2025-03-28,2028-03-27
833380,833380,2024-10-18,4,100000,400,2025-10-18,2029-10-17
920541,920541,2024-04-21,3,100000,300,2025-04-21,2028-04-20
227345,227345,2024-06-20,3,100000,300,2025-06-20,2028-06-19
732667,732667,2024-10-27,2,100000,200,2025-10-27,2027-10-27
101955,101955,2024-10-07,3,100000,300,2025-10-07,2028-10-06
43142,43142,2024-10-12,2,100000,200,2025-10-12,2027-10-12
201004,201004,2024-07-31,2,100000,200,2025-07-31,2027-07-31
403987,403987,2024-06-23,3,100000,300,2025-06-23,2028-06-22
663942,663942,2024-05-25,1,100000,100,2025-05-25,2026-05-25
990415,990415,2024-06-16,3,100000,300,2025-06-16,2028-06-15
734472,734472,2024-03-08,2,100000,200,2025-03-08,2027-03-08
49199,49199,2024-01-30,3,100000,300,2025-01-29,2028-01-29
456378,456378,2024-08-04,1,100000,100,2025-08-04,2026-08-04
487132,487132,2024-12-24,2,100000,200,2025-12-24,2027-12-24
687421,687421,2024-12-05,1,100000,100,2025-12-05,2026-12-05
784893,784893,2024-05-17,2,100000,200,2025-05-17,2027-05-17
213328,213328,2024-12-21,1,100000,100,2025-12-21,2026-12-21
723029,723029,2024-05-18,2,100000,200,2025-05-18,2027-05-18
563590,563590,2024-05-16,3,100000,300,2025-05-16,2028-05-15
984260,984260,2024-12-15,2,100000,200,2025-12-15,2027-12-15
887155,887155,2024-02-20,4,100000,400,2025-02-19,2029-02-18
623329,623329,2024-01-18,2,100000,200,2025-01-17,2027-01-17
485312,485312,2024-12-14,1,100000,100,2025-12-14,2026-12-14
880550,880550,2024-05-12,4,100000,400,2025-05-12,2029-05-11
236212,236212,2024-08-27,1,100000,100,2025-08-27,2026-08-27
559363,559363,2024-10-14,3,100000,300,2025-10-14,2028-10-13
724745,724745,2024-06-21,3,100000,300,2025-06-21,2028-06-20
141117,141117,2024-03-03,1,100000,100,2025-03-03,2026-03-03
501231,501231,2024-04-22,2,100000,200,2025-04-22,2027-04-22
942088,942088,2024-10-29,2,100000,200,2025-10-29,2027-10-29
479254,479254,2024-12-14,2,100000,200,2025-12-14,2027-12-14
631639,631639,2024-06-15,2,100000,200,2025-06-15,2027-06-15
273193,273193,2024-09-30,2,100000,200,2025-09-30,2027-09-30
593968,593968,2024-11-02,2,100000,200,2025-11-02,2027-11-02
949906,949906,2024-07-11,3,100000,300,2025-07-11,2028-07-10
686751,686751,2024-07-26,1,100000,100,2025-07-26,2026-07-26
389129,389129,2024-10-25,4,100000,400,2025-10-25,2029-10-24
567203,567203,2024-07-30,2,100000,200,2025-07-30,2027-07-30
599607,599607,2024-04-19,3,100000,300,2025-04-19,2028-04-18
897248,897248,2024-12-09,4,100000,400,2025-12-09,2029-12-08
275735,275735,2024-12-27,2,100000,200,2025-12-27,2027-12-27
107321,107321,2024-10-11,2,100000,200,2025-10-11,2027-10-11
47423,47423,2024-10-19,4,100000,400,2025-10-19,2029-10-18
83048,83048,2024-11-21,2,100000,200,2025-11-21,2027-11-21
249923,249923,2024-07-17,3,100000,300,2025-07-17,2028-07-16
762884,762884,2024-12-03,3,100000,300,2025-12-03,2028-12-02
456903,456903,2024-01-21,4,100000,400,2025-01-20,2029-01-19
257529,257529,2024-08-13,1,100000,100,2025-08-13,2026-08-13
100489,100489,2024-07-27,4,100000,400,2025-07-27,2029-07-26
184041,184041,2024-03-21,3,100000,300,2025-03-21,2028-03-20
41378,41378,2024-06-21,3,100000,300,2025-06-21,2028-06-20
310043,310043,2024-04-17,2,100000,200,2025-04-17,2027-04-17
890815,890815,2024-03-08,4,100000,400,2025-03-08,2029-03-07
283768,283768,2024-04-19,4,100000,400,2025-04-19,2029-04-18
941994,941994,2024-06-19,2,100000,200,2025-06-19,2027-06-19
777195,777195,2024-01-11,3,100000,300,2025-01-10,2028-01-10
508511,508511,2024-08-15,1,100000,100,2025-08-15,2026-08-15
233568,233568,2024-04-11,3,100000,300,2025-04-11,2028-04-10
319645,319645,2024-05-18,3,100000,300,2025-05-18,2028-05-17
82894,82894,2024-05-13,1,100000,100,2025-05-13,2026-05-13
999593,999593,2024-06-08,2,100000,200,2025-06-08,2027-06-08
693141,693141,2024-11-09,3,100000,300,2025-11-09,2028-11-08
526748,526748,2024-07-01,2,100000,200,2025-07-01,2027-07-01
748708,748708,2024-04-14,1,100000,100,2025-04-14,2026-04-14
580446,580446,2024-05-05,4,100000,400,2025-05-05,2029-05-04
285417,285417,2024-12-02,3,100000,300,2025-12-02,2028-12-01
955530,955530,2024-10-16,3,100000,300,2025-10-16,2028-10-15
202064,202064,2024-08-08,3,100000,300,2025-08-08,2028-08-07
920590,920590,2024-08-11,2,100000,200,2025-08-11,2027-08-11
861311,861311,2024-09-06,3,100000,300,2025-09-06,2028-09-05
51620,51620,2024-04-01,2,100000,200,2025-04-01,2027-04-01
716635,716635,2024-01-31,3,100000,300,2025-01-30,2028-01-30
793762,793762,2024-10-15,1,100000,100,2025-10-15,2026-10-15
56319,56319,2024-05-20,4,100000,400,2025-05-20,2029-05-19
4899,4899,2024-06-17,1,100000,100,2025-06-17,2026-06-17
75777,75777,2024-08-13,3,100000,300,2025-08-13,2028-08-12
658138,658138,2024-06-21,1,100000,100,2025-06-21,2026-06-21
387912,387912,2024-06-16,3,100000,300,2025-06-16,2028-06-15
30982,30982,2024-12-05,4,100000,400,2025-12-05,2029-12-04
982472,982472,2024-07-26,2,100000,200,2025-07-26,2027-07-26
411756,411756,2024-07-28,3,100000,300,2025-07-28,2028-07-27
602384,602384,2024-03-26,3,100000,300,2025-03-26,2028-03-25
653726,653726,2024-04-07,3,100000,300,2025-04-07,2028-04-06
182323,182323,2024-08-05,3,100000,300,2025-08-05,2028-08-04
997168,997168,2024-11-21,3,100000,300,2025-11-21,2028-11-20
632304,632304,2024-08-01,3,100000,300,2025-08-01,2028-07-31
796041,796041,2024-06-01,1,100000,100,2025-06-01,2026-06-01
663732,663732,2024-12-18,3,100000,300,2025-12-18,2028-12-17
358247,358247,2024-07-06,4,100000,400,2025-07-06,2029-07-05
439056,439056,2024-06-06,3,100000,300,2025-06-06,2028-06-05
91890,91890,2024-03-14,3,100000,300,2025-03-14,2028-03-13
128052,128052,2024-01-05,1,100000,100,2025-01-04,2026-01-04
422041,422041,2024-09-03,1,100000,100,2025-09-03,2026-09-03
617718,617718,2024-03-10,3,100000,300,2025-03-10,2028-03-09
882363,882363,2024-12-01,2,100000,200,2025-12-01,2027-12-01
395037,395037,2024-11-27,3,100000,300,2025-11-27,2028-11-26
426624,426624,2024-10-14,4,100000,400,2025-10-14,2029-10-13
461163,461163,2024-04-26,3,100000,300,2025-04-26,2028-04-25
912352,912352,2024-06-20,3,100000,300,2025-06-20,2028-06-19
904783,904783,2024-06-06,1,100000,100,2025-06-06,2026-06-06
228565,228565,2024-10-29,2,100000,200,2025-10-29,2027-10-29
56418,56418,2024-03-11,1,100000,100,2025-03-11,2026-03-11
82034,82034,2024-05-14,2,100000,200,2025-05-14,2027-05-14
104236,104236,2024-06-22,3,100000,300,2025-06-22,2028-06-21
125787,125787,2024-06-01,3,100000,300,2025-06-01,2028-05-31
587548,587548,2024-05-17,2,100000,200,2025-05-17,2027-05-17
294290,294290,2024-03-14,1,100000,100,2025-03-14,2026-03-14
597965,597965,2024-11-15,1,100000,100,2025-11-15,2026-11-15
500047,500047,2024-04-05,3,100000,300,2025-04-05,2028-04-04
431464,431464,2024-08-21,2,100000,200,2025-08-21,2027-08-21
32827,32827,2024-06-23,3,100000,300,2025-06-23,2028-06-22
832557,832557,2024-02-18,3,100000,300,2025-02-17,2028-02-17
399338,399338,2024-12-09,3,100000,300,2025-12-09,2028-12-08
870471,870471,2024-03-04,2,100000,200,2025-03-04,2027-03-04
301048,301048,2024-12-17,2,100000,200,2025-12-17,2027-12-17
185382,185382,2024-03-27,3,100000,300,2025-03-27,2028-03-26
413555,413555,2024-06-13,3,100000,300,2025-06-13,2028-06-12
330236,330236,2024-07-29,1,100000,100,2025-07-29,2026-07-29
738782,738782,2024-03-06,2,100000,200,2025-03-06,2027-03-06
19610,19610,2024-10-02,3,100000,300,2025-10-02,2028-10-01
671362,671362,2024-08-16,3,100000,300,2025-08-16,2028-08-15
280532,280532,2024-03-15,1,100000,100,2025-03-15,2026-03-15
848988,848988,2024-08-10,1,100000,100,2025-08-10,2026-08-10
192367,192367,2024-02-23,3,100000,300,2025-02-22,2028-02-22
568761,568761,2024-01-07,2,100000,200,2025-01-06,2027-01-06
801373,801373,2024-06-20,4,100000,400,2025-06-20,2029-06-19
461962,461962,2024-03-27,2,100000,200,2025-03-27,2027-03-27
173516,173516,2024-03-04,1,100000,100,2025-03-04,2026-03-04
482672,482672,2024-02-19,2,100000,200,2025-02-18,2027-02-18
284000,284000,2024-12-10,3,100000,300,2025-12-10,2028-12-09
640055,640055,2024-09-04,1,100000,100,2025-09-04,2026-09-04
719551,719551,2024-12-14,2,100000,200,2025-12-14,2027-12-14
587409,587409,2024-04-06,2,100000,200,2025-04-06,2027-04-06
620176,620176,2024-10-13,2,100000,200,2025-10-13,2027-10-13
333677,333677,2024-04-03,2,100000,200,2025-04-03,2027-04-03
816030,816030,2024-11-06,2,100000,200,2025-11-06,2027-11-06
797882,797882,2024-04-11,3,100000,300,2025-04-11,2028-04-10
597553,597553,2024-03-01,3,100000,300,2025-03-01,2028-02-29
390351,390351,2024-10-27,3,100000,300,2025-10-27,2028-10-26
505381,505381,2024-12-06,2,100000,200,2025-12-06,2027-12-06
437249,437249,2024-04-09,2,100000,200,2025-04-09,2027-04-09
756451,756451,2024-02-04,3,100000,300,2025-02-03,2028-02-03
469958,469958,2024-12-27,4,100000,400,2025-12-27,2029-12-26
31742,31742,2024-02-09,1,100000,100,2025-02-08,2026-02-08
655983,655983,2024-03-21,3,100000,300,2025-03-21,2028-03-20
60913,60913,2024-10-01,1,100000,100,2025-10-01,2026-10-01
644498,644498,2024-09-13,2,100000,200,2025-09-13,2027-09-13
117691,117691,2024-10-16,3,100000,300,2025-10-16,2028-10-15
1239,1239,2024-03-09,4,100000,400,2025-03-09,2029-03-08
697339,697339,2024-10-09,2,100000,200,2025-10-09,2027-10-09
755121,755121,2024-07-07,1,100000,100,2025-07-07,2026-07-07
977501,977501,2024-11-13,2,100000,200,2025-11-13,2027-11-13
970137,970137,2024-05-31,2,100000,200,2025-05-31,2027-05-31
212251,212251,2024-09-06,4,100000,400,2025-09-06,2029-09-05
137307,137307,2024-02-28,2,100000,200,2025-02-27,2027-02-27
887312,887312,2024-09-09,3,100000,300,2025-09-09,2028-09-08
659640,659640,2024-05-23,4,100000,400,2025-05-23,2029-05-22
751169,751169,2024-09-26,2,100000,200,2025-09-26,2027-09-26
561975,561975,2024-10-05,2,100000,200,2025-10-05,2027-10-05
696232,696232,2024-08-16,2,100000,200,2025-08-16,2027-08-16
991352,991352,2024-09-04,2,100000,200,2025-09-04,2027-09-04
523263,523263,2024-11-24,3,100000,300,2025-11-24,2028-11-23
110339,110339,2024-02-06,2,100000,200,2025-02-05,2027-02-05
392358,392358,2024-05-28,2,100000,200,2025-05-28,2027-05-28
698919,698919,2024-01-27,1,100000,100,2025-01-26,2026-01-26
929486,929486,2024-12-02,2,100000,200,2025-12-02,2027-12-02
33201,33201,2024-12-04,3,100000,300,2025-12-04,2028-12-03
641022,641022,2024-06-03,2,100000,200,2025-06-03,2027-06-03
815747,815747,2024-01-11,3,100000,300,2025-01-10,2028-01-10
118843,118843,2024-02-28,3,100000,300,2025-02-27,2028-02-27
340025,340025,2024-07-08,3,100000,300,2025-07-08,2028-07-07
914889,914889,2024-08-12,2,100000,200,2025-08-12,2027-08-12
773173,773173,2024-05-09,3,100000,300,2025-05-09,2028-05-08
201232,201232,2024-09-15,4,100000,400,2025-09-15,2029-09-14
855308,855308,2024-07-07,3,100000,300,2025-07-07,2028-07-06
953332,953332,2024-01-05,2,100000,200,2025-01-04,2027-01-04
834662,834662,2024-07-30,3,100000,300,2025-07-30,2028-07-29
552548,552548,2024-08-25,2,100000,200,2025-08-25,2027-08-25
302267,302267,2024-03-10,2,100000,200,2025-03-10,2027-03-10
454553,454553,2024-02-28,2,100000,200,2025-02-27,2027-02-27
441910,441910,2024-03-01,4,100000,400,2025-03-01,2029-02-28
354859,354859,2024-02-13,3,100000,300,2025-02-12,2028-02-12
516706,516706,2024-04-20,3,100000,300,2025-04-20,2028-04-19
556875,556875,2024-03-11,2,100000,200,2025-03-11,2027-03-11
688932,688932,2024-03-19,1,100000,100,2025-03-19,2026-03-19
318942,318942,2024-04-08,1,100000,100,2025-04-08,2026-04-08
457102,457102,2024-08-12,2,100000,200,2025-08-12,2027-08-12
129819,129819,2024-12-05,2,100000,200,2025-12-05,2027-12-05
451080,451080,2024-10-14,3,100000,300,2025-10-14,2028-10-13
159356,159356,2024-03-29,1,100000,100,2025-03-29,2026-03-29
920176,920176,2024-08-14,3,100000,300,2025-08-14,2028-08-13
654625,654625,2024-05-25,2,100000,200,2025-05-25,2027-05-25
671926,671926,2024-07-03,2,100000,200,2025-07-03,2027-07-03
177138,177138,2024-09-11,4,100000,400,2025-09-11,2029-09-10
610459,610459,2024-11-13,3,100000,300,2025-11-13,2028-11-12
894679,894679,2024-11-09,3,100000,300,2025-11-09,2028-11-08
929225,929225,2024-02-26,1,100000,100,2025-02-25,2026-02-25
17647,17647,2024-05-20,1,100000,100,2025-05-20,2026-05-20
96998,96998,2024-07-27,4,100000,400,2025-07-27,2029-07-26
597586,597586,2024-11-29,2,100000,200,2025-11-29,2027-11-29
367837,367837,2024-02-04,2,100000,200,2025-02-03,2027-02-03
896828,896828,2024-01-13,2,100000,200,2025-01-12,2027-01-12
2363,2363,2024-12-03,2,100000,200,2025-12-03,2027-12-03
235880,235880,2024-07-10,2,100000,200,2025-07-10,2027-07-10
917,917,2024-06-29,2,100000,200,2025-06-29,2027-06-29
887065,887065,2024-07-16,2,100000,200,2025-07-16,2027-07-16
960537,960537,2024-08-24,3,100000,300,2025-08-24,2028-08-23
242023,242023,2024-08-16,4,100000,400,2025-08-16,2029-08-15
79,79,2024-12-11,2,100000,200,2025-12-11,2027-12-11
964629,964629,2024-05-31,4,100000,400,2025-05-31,2029-05-30
739482,739482,2024-02-23,2,100000,200,2025-02-22,2027-02-22
828826,828826,2024-06-21,4,100000,400,2025-06-21,2029-06-20
487125,487125,2024-06-17,3,100000,300,2025-06-17,2028-06-16
351345,351345,2024-06-26,2,100000,200,2025-06-26,2027-06-26
328601,328601,2024-10-08,3,100000,300,2025-10-08,2028-10-07
803977,803977,2024-10-04,1,100000,100,2025-10-04,2026-10-04
934289,934289,2024-05-14,4,100000,400,2025-05-14,2029-05-13
468411,468411,2024-05-04,1,100000,100,2025-05-04,2026-05-04
504627,504627,2024-06-03,2,100000,200,2025-06-03,2027-06-03
878974,878974,2024-10-05,2,100000,200,2025-10-05,2027-10-05
620299,620299,2024-10-18,3,100000,300,2025-10-18,2028-10-17
572617,572617,2024-02-21,3,100000,300,2025-02-20,2028-02-20
4730,4730,2024-07-10,1,100000,100,2025-07-10,2026-07-10
684251,684251,2024-12-21,3,100000,300,2025-12-21,2028-12-20
18374,18374,2024-07-07,4,100000,400,2025-07-07,2029-07-06
284415,284415,2024-01-01,3,100000,300,2024-12-31,2027-12-31
510306,510306,2024-03-17,2,100000,200,2025-03-17,2027-03-17
428731,428731,2024-03-27,2,100000,200,2025-03-27,2027-03-27
750651,750651,2024-03-13,2,100000,200,2025-03-13,2027-03-13
147157,147157,2024-03-01,2,100000,200,2025-03-01,2027-03-01
625675,625675,2024-12-28,4,100000,400,2025-12-28,2029-12-27
549275,549275,2024-09-05,2,100000,200,2025-09-05,2027-09-05
541131,541131,2024-06-14,3,100000,300,2025-06-14,2028-06-13
811162,811162,2024-07-14,3,100000,300,2025-07-14,2028-07-13
427874,427874,2024-07-22,1,100000,100,2025-07-22,2026-07-22
508394,508394,2024-10-10,3,100000,300,2025-10-10,2028-10-09
413324,413324,2024-06-21,3,100000,300,2025-06-21,2028-06-20
212179,212179,2024-01-04,3,100000,300,2025-01-03,2028-01-03
467407,467407,2024-05-17,3,100000,300,2025-05-17,2028-05-16
859499,859499,2024-10-31,2,100000,200,2025-10-31,2027-10-31
219805,219805,2024-05-25,4,100000,400,2025-05-25,2029-05-24
245875,245875,2024-04-19,2,100000,200,2025-04-19,2027-04-19
87947,87947,2024-08-21,3,100000,300,2025-08-21,2028-08-20
17238,17238,2024-03-21,2,100000,200,2025-03-21,2027-03-21
413235,413235,2024-01-03,3,100000,300,2025-01-02,2028-01-02
964802,964802,2024-02-08,3,100000,300,2025-02-07,2028-02-07
231026,231026,2024-10-03,2,100000,200,2025-10-03,2027-10-03
43531,43531,2024-09-07,3,100000,300,2025-09-07,2028-09-06
135121,135121,2024-06-22,3,100000,300,2025-06-22,2028-06-21
386100,386100,2024-08-04,2,100000,200,2025-08-04,2027-08-04
328850,328850,2024-06-16,1,100000,100,2025-06-16,2026-06-16
93743,93743,2024-09-05,3,100000,300,2025-09-05,2028-09-04
235821,235821,2024-12-29,1,100000,100,2025-12-29,2026-12-29
169480,169480,2024-12-25,1,100000,100,2025-12-25,2026-12-25
450823,450823,2024-10-19,3,100000,300,2025-10-19,2028-10-18
407986,407986,2024-11-04,1,100000,100,2025-11-04,2026-11-04
678240,678240,2024-08-14,3,100000,300,2025-08-14,2028-08-13
737328,737328,2024-02-09,4,100000,400,2025-02-08,2029-02-07
735918,735918,2024-04-10,3,100000,300,2025-04-10,2028-04-09
345839,345839,2024-08-28,1,100000,100,2025-08-28,2026-08-28
940617,940617,2024-01-18,4,100000,400,2025-01-17,2029-01-16
463911,463911,2024-09-02,4,100000,400,2025-09-02,2029-09-01
937174,937174,2024-07-07,1,100000,100,2025-07-07,2026-07-07
784150,784150,2024-12-11,2,100000,200,2025-12-11,2027-12-11
16488,16488,2024-02-12,3,100000,300,2025-02-11,2028-02-11
1173,1173,2024-01-04,3,100000,300,2025-01-03,2028-01-03
113342,113342,2024-08-14,1,100000,100,2025-08-14,2026-08-14
118210,118210,2024-08-11,3,100000,300,2025-08-11,2028-08-10
29783,29783,2024-08-23,1,100000,100,2025-08-23,2026-08-23
841873,841873,2024-07-19,3,100000,300,2025-07-19,2028-07-18
150875,150875,2024-08-01,1,100000,100,2025-08-01,2026-08-01
531516,531516,2024-10-28,2,100000,200,2025-10-28,2027-10-28
302244,302244,2024-04-27,3,100000,300,2025-04-27,2028-04-26
849696,849696,2024-10-07,2,100000,200,2025-10-07,2027-10-07
321777,321777,2024-05-15,3,100000,300,2025-05-15,2028-05-14
49983,49983,2024-07-18,3,100000,300,2025-07-18,2028-07-17
758445,758445,2024-06-07,2,100000,200,2025-06-07,2027-06-07
154450,154450,2024-09-29,2,100000,200,2025-09-29,2027-09-29
914399,914399,2024-12-27,2,100000,200,2025-12-27,2027-12-27
189054,189054,2024-05-09,3,100000,300,2025-05-09,2028-05-08
47978,47978,2024-10-05,4,100000,400,2025-10-05,2029-10-04
600786,600786,2024-04-03,1,100000,100,2025-04-03,2026-04-03
67401,67401,2024-11-11,1,100000,100,2025-11-11,2026-11-11
